ISO-10303-21;
HEADER;
/* Generated by software containing ST-Developer
 * from STEP Tools, Inc. (www.steptools.com) 
 */

FILE_DESCRIPTION(
/* description */ (''),
/* implementation_level */ '2;1');

FILE_NAME(
/* name */ 'USB Hub Case Part 1.step',
/* time_stamp */ '2026-05-01T18:24:55+10:00',
/* author */ (''),
/* organization */ (''),
/* preprocessor_version */ 'ST-DEVELOPER v20.1',
/* originating_system */ 'Autodesk Translation Framework v15.8.0.0',
/* authorisation */ '');

FILE_SCHEMA (('AUTOMOTIVE_DESIGN { 1 0 10303 214 3 1 1 }'));
ENDSEC;

DATA;
#10=MECHANICAL_DESIGN_GEOMETRIC_PRESENTATION_REPRESENTATION('',(#13),#4336);
#11=SHAPE_REPRESENTATION_RELATIONSHIP('SRR','None',#4342,#12);
#12=ADVANCED_BREP_SHAPE_REPRESENTATION('',(#14),#4335);
#13=STYLED_ITEM('',(#4351),#14);
#14=MANIFOLD_SOLID_BREP('Body2',#2404);
#15=B_SPLINE_SURFACE_WITH_KNOTS('',3,3,((#3824,#3825,#3826,#3827,#3828),
(#3829,#3830,#3831,#3832,#3833),(#3834,#3835,#3836,#3837,#3838),(#3839,
#3840,#3841,#3842,#3843),(#3844,#3845,#3846,#3847,#3848)),.UNSPECIFIED.,
 .F.,.F.,.F.,(4,1,4),(4,1,4),(0.,0.571428571428571,1.),(-0.298372510719307,
-0.283209711859469,-0.262992646713017),.UNSPECIFIED.);
#16=B_SPLINE_SURFACE_WITH_KNOTS('',3,3,((#4060,#4061,#4062,#4063,#4064),
(#4065,#4066,#4067,#4068,#4069),(#4070,#4071,#4072,#4073,#4074),(#4075,
#4076,#4077,#4078,#4079),(#4080,#4081,#4082,#4083,#4084)),.UNSPECIFIED.,
 .F.,.F.,.F.,(4,1,4),(4,1,4),(0.,0.571428571428571,1.),(4.24400098397771E-16,
0.031896017990225,0.0637920359804495),.UNSPECIFIED.);
#17=B_SPLINE_SURFACE_WITH_KNOTS('',3,3,((#4128,#4129,#4130,#4131,#4132),
(#4133,#4134,#4135,#4136,#4137),(#4138,#4139,#4140,#4141,#4142),(#4143,
#4144,#4145,#4146,#4147),(#4148,#4149,#4150,#4151,#4152),(#4153,#4154,#4155,
#4156,#4157)),.UNSPECIFIED.,.F.,.F.,.F.,(4,1,1,4),(4,1,4),(0.,0.285714285714286,
0.571428571428571,1.),(5.56638921779511E-17,0.031453378359102,0.062906756718204),
 .UNSPECIFIED.);
#18=TOROIDAL_SURFACE('',#2512,0.4,0.1);
#19=TOROIDAL_SURFACE('',#2547,0.4,0.1);
#20=TOROIDAL_SURFACE('',#2552,0.4,0.1);
#21=TOROIDAL_SURFACE('',#2556,0.4,0.1);
#22=TOROIDAL_SURFACE('',#2564,0.4,0.1);
#23=TOROIDAL_SURFACE('',#2570,0.4,0.1);
#24=TOROIDAL_SURFACE('',#2585,0.4,0.1);
#25=TOROIDAL_SURFACE('',#2589,0.4,0.1);
#26=TOROIDAL_SURFACE('',#2598,0.4,0.1);
#27=TOROIDAL_SURFACE('',#2604,2.1,0.1);
#28=TOROIDAL_SURFACE('',#2619,2.9,0.1);
#29=TOROIDAL_SURFACE('',#2624,0.4,0.1);
#30=TOROIDAL_SURFACE('',#2651,2.,0.5);
#31=TOROIDAL_SURFACE('',#2657,2.,0.5);
#32=TOROIDAL_SURFACE('',#2662,2.,0.5);
#33=TOROIDAL_SURFACE('',#2667,2.,0.5);
#34=TOROIDAL_SURFACE('',#2671,2.,0.5);
#35=TOROIDAL_SURFACE('',#2677,2.,0.5);
#36=TOROIDAL_SURFACE('',#2682,2.,0.5);
#37=TOROIDAL_SURFACE('',#2687,2.,0.5);
#38=B_SPLINE_CURVE_WITH_KNOTS('',3,(#3649,#3650,#3651,#3652,#3653,#3654,
#3655,#3656,#3657,#3658),.UNSPECIFIED.,.F.,.F.,(4,2,2,2,4),(-0.0421223604938845,
-0.027570857044293,-0.0102443984359741,0.,0.000757014219543762),
 .UNSPECIFIED.);
#39=B_SPLINE_CURVE_WITH_KNOTS('',3,(#3721,#3722,#3723,#3724,#3725,#3726,
#3727,#3728,#3729,#3730,#3731,#3732),.UNSPECIFIED.,.F.,.F.,(4,2,2,2,2,4),
(-0.0452819316749067,-0.0447145904812242,-0.0352363342119944,-0.0245598672812748,
-0.00970446448451675,0.),.UNSPECIFIED.);
#40=B_SPLINE_CURVE_WITH_KNOTS('',3,(#3852,#3853,#3854,#3855,#3856),
 .UNSPECIFIED.,.F.,.F.,(4,1,4),(0.262992646713017,0.283209711859469,0.298372510719307),
 .UNSPECIFIED.);
#41=B_SPLINE_CURVE_WITH_KNOTS('',3,(#3857,#3858,#3859,#3860,#3861),
 .UNSPECIFIED.,.F.,.F.,(4,1,4),(-0.298372510719307,-0.283209711859469,-0.262992646713017),
 .UNSPECIFIED.);
#42=B_SPLINE_CURVE_WITH_KNOTS('',3,(#4088,#4089,#4090,#4091,#4092),
 .UNSPECIFIED.,.F.,.F.,(4,1,4),(-0.0637920359804495,-0.031896017990225,
-4.24400098397771E-16),.UNSPECIFIED.);
#43=B_SPLINE_CURVE_WITH_KNOTS('',3,(#4093,#4094,#4095,#4096,#4097),
 .UNSPECIFIED.,.F.,.F.,(4,1,4),(4.24400098397771E-16,0.031896017990225,
0.0637920359804495),.UNSPECIFIED.);
#44=B_SPLINE_CURVE_WITH_KNOTS('',3,(#4105,#4106,#4107,#4108,#4109),
 .UNSPECIFIED.,.F.,.F.,(4,1,4),(5.56638921779511E-17,0.031453378359102,
0.062906756718204),.UNSPECIFIED.);
#45=B_SPLINE_CURVE_WITH_KNOTS('',3,(#4160,#4161,#4162,#4163,#4164),
 .UNSPECIFIED.,.F.,.F.,(4,1,4),(-0.062906756718204,-0.031453378359102,-5.56638921779511E-17),
 .UNSPECIFIED.);
#46=FACE_BOUND('',#448,.T.);
#47=FACE_BOUND('',#450,.T.);
#48=FACE_BOUND('',#451,.T.);
#49=FACE_BOUND('',#452,.T.);
#50=FACE_BOUND('',#453,.T.);
#51=FACE_BOUND('',#454,.T.);
#52=FACE_BOUND('',#458,.T.);
#53=FACE_BOUND('',#463,.T.);
#54=FACE_BOUND('',#468,.T.);
#55=FACE_BOUND('',#491,.T.);
#56=FACE_BOUND('',#547,.T.);
#57=FACE_BOUND('',#548,.T.);
#58=FACE_BOUND('',#576,.T.);
#59=FACE_BOUND('',#577,.T.);
#60=CIRCLE('',#2408,2.00000508001);
#61=CIRCLE('',#2409,2.00000508001);
#62=CIRCLE('',#2412,2.00000508001);
#63=CIRCLE('',#2413,2.00000508001);
#64=CIRCLE('',#2416,2.00000508001);
#65=CIRCLE('',#2417,2.00000508001);
#66=CIRCLE('',#2420,2.00000508001);
#67=CIRCLE('',#2421,2.00000508001);
#68=CIRCLE('',#2423,0.618287418408512);
#69=CIRCLE('',#2424,0.618287418408512);
#70=CIRCLE('',#2426,0.911128985857061);
#71=CIRCLE('',#2427,0.911128985857061);
#72=CIRCLE('',#2430,0.75);
#73=CIRCLE('',#2431,1.25);
#74=CIRCLE('',#2432,21.);
#75=CIRCLE('',#2433,2.);
#76=CIRCLE('',#2434,23.5);
#77=CIRCLE('',#2435,4.);
#78=CIRCLE('',#2436,3.);
#79=CIRCLE('',#2437,3.);
#80=CIRCLE('',#2438,4.);
#81=CIRCLE('',#2439,35.);
#82=CIRCLE('',#2440,2.);
#83=CIRCLE('',#2441,5.);
#84=CIRCLE('',#2442,94.);
#85=CIRCLE('',#2443,0.897239055525612);
#86=CIRCLE('',#2444,1.00109387202098);
#87=CIRCLE('',#2445,0.923069330033877);
#88=CIRCLE('',#2447,0.586810617255038);
#89=CIRCLE('',#2448,0.586810617255038);
#90=CIRCLE('',#2450,0.897239055525612);
#91=CIRCLE('',#2454,0.636600348112917);
#92=CIRCLE('',#2455,0.636600348112917);
#93=CIRCLE('',#2457,0.923069330033877);
#94=CIRCLE('',#2461,0.545725358745084);
#95=CIRCLE('',#2462,0.545725358745084);
#96=CIRCLE('',#2464,1.00109387202098);
#97=CIRCLE('',#2468,3.5);
#98=CIRCLE('',#2469,3.5);
#99=CIRCLE('',#2471,0.1);
#100=CIRCLE('',#2472,0.1);
#101=CIRCLE('',#2474,6.);
#102=CIRCLE('',#2475,0.5);
#103=CIRCLE('',#2476,4.5);
#104=CIRCLE('',#2477,0.1);
#105=CIRCLE('',#2478,0.1);
#106=CIRCLE('',#2479,21.);
#107=CIRCLE('',#2480,1.25);
#108=CIRCLE('',#2481,0.1);
#109=CIRCLE('',#2483,6.);
#110=CIRCLE('',#2485,1.5);
#111=CIRCLE('',#2486,1.5);
#112=CIRCLE('',#2488,0.1);
#113=CIRCLE('',#2489,0.1);
#114=CIRCLE('',#2490,0.75);
#115=CIRCLE('',#2491,94.);
#116=CIRCLE('',#2492,5.);
#117=CIRCLE('',#2493,2.);
#118=CIRCLE('',#2494,35.);
#119=CIRCLE('',#2495,4.);
#120=CIRCLE('',#2496,3.);
#121=CIRCLE('',#2497,3.);
#122=CIRCLE('',#2498,4.);
#123=CIRCLE('',#2499,23.5);
#124=CIRCLE('',#2500,2.);
#125=CIRCLE('',#2501,0.1);
#126=CIRCLE('',#2502,0.1);
#127=CIRCLE('',#2503,3.);
#128=CIRCLE('',#2504,14.75);
#129=CIRCLE('',#2505,6.);
#130=CIRCLE('',#2506,6.);
#131=CIRCLE('',#2507,3.);
#132=CIRCLE('',#2508,9.5);
#133=CIRCLE('',#2509,3.75);
#134=CIRCLE('',#2511,0.0999999999999979);
#135=CIRCLE('',#2513,0.4);
#136=CIRCLE('',#2514,0.1);
#137=CIRCLE('',#2515,0.3);
#138=CIRCLE('',#2517,3.75);
#139=CIRCLE('',#2519,0.75);
#140=CIRCLE('',#2520,0.75);
#141=CIRCLE('',#2525,0.4);
#142=CIRCLE('',#2526,0.4);
#143=CIRCLE('',#2530,0.5);
#144=CIRCLE('',#2532,4.5);
#145=CIRCLE('',#2534,0.4);
#146=CIRCLE('',#2535,0.4);
#147=CIRCLE('',#2536,0.4);
#148=CIRCLE('',#2538,9.5);
#149=CIRCLE('',#2539,3.);
#150=CIRCLE('',#2540,6.);
#151=CIRCLE('',#2541,6.);
#152=CIRCLE('',#2542,14.75);
#153=CIRCLE('',#2543,3.);
#154=CIRCLE('',#2546,0.0999999999999979);
#155=CIRCLE('',#2548,0.3);
#156=CIRCLE('',#2549,0.1);
#157=CIRCLE('',#2551,0.1);
#158=CIRCLE('',#2553,0.1);
#159=CIRCLE('',#2554,0.3);
#160=CIRCLE('',#2557,0.3);
#161=CIRCLE('',#2558,0.1);
#162=CIRCLE('',#2559,0.4);
#163=CIRCLE('',#2563,0.0999999999999979);
#164=CIRCLE('',#2565,0.0999999999999998);
#165=CIRCLE('',#2566,0.4);
#166=CIRCLE('',#2567,0.3);
#167=CIRCLE('',#2569,0.1);
#168=CIRCLE('',#2571,0.0999999999999979);
#169=CIRCLE('',#2572,0.4);
#170=CIRCLE('',#2573,0.3);
#171=CIRCLE('',#2575,0.1);
#172=CIRCLE('',#2577,0.3);
#173=CIRCLE('',#2580,0.3);
#174=CIRCLE('',#2583,0.1);
#175=CIRCLE('',#2584,0.0999999999999979);
#176=CIRCLE('',#2586,0.100000000000001);
#177=CIRCLE('',#2588,0.1);
#178=CIRCLE('',#2590,0.100000000000002);
#179=CIRCLE('',#2594,0.1);
#180=CIRCLE('',#2595,0.1);
#181=CIRCLE('',#2597,0.0999999999999979);
#182=CIRCLE('',#2599,0.1);
#183=CIRCLE('',#2600,0.4);
#184=CIRCLE('',#2601,0.3);
#185=CIRCLE('',#2603,0.1);
#186=CIRCLE('',#2605,0.1);
#187=CIRCLE('',#2606,2.);
#188=CIRCLE('',#2607,2.1);
#189=CIRCLE('',#2608,0.0999999999999979);
#190=CIRCLE('',#2612,2.9);
#191=CIRCLE('',#2614,0.3);
#192=CIRCLE('',#2617,0.0999999999999979);
#193=CIRCLE('',#2618,0.1);
#194=CIRCLE('',#2620,0.1);
#195=CIRCLE('',#2621,3.);
#196=CIRCLE('',#2623,0.1);
#197=CIRCLE('',#2625,0.0999999999999979);
#198=CIRCLE('',#2641,2.);
#199=CIRCLE('',#2642,2.);
#200=CIRCLE('',#2643,2.);
#201=CIRCLE('',#2644,2.);
#202=CIRCLE('',#2645,2.);
#203=CIRCLE('',#2646,2.);
#204=CIRCLE('',#2647,2.);
#205=CIRCLE('',#2648,2.);
#206=CIRCLE('',#2652,0.499999999999998);
#207=CIRCLE('',#2653,0.499999999999998);
#208=CIRCLE('',#2654,1.5);
#209=CIRCLE('',#2656,0.499999999999998);
#210=CIRCLE('',#2658,0.499999999999998);
#211=CIRCLE('',#2659,1.5);
#212=CIRCLE('',#2661,0.499999999999998);
#213=CIRCLE('',#2663,0.499999999999998);
#214=CIRCLE('',#2664,1.5);
#215=CIRCLE('',#2666,0.499999999999998);
#216=CIRCLE('',#2668,0.499999999999998);
#217=CIRCLE('',#2669,1.5);
#218=CIRCLE('',#2672,0.500000000000003);
#219=CIRCLE('',#2673,0.499999999999998);
#220=CIRCLE('',#2674,1.5);
#221=CIRCLE('',#2676,0.499999999999998);
#222=CIRCLE('',#2678,0.499999999999998);
#223=CIRCLE('',#2679,1.5);
#224=CIRCLE('',#2681,0.499999999999998);
#225=CIRCLE('',#2683,0.499999999999998);
#226=CIRCLE('',#2684,1.5);
#227=CIRCLE('',#2686,0.499999999999998);
#228=CIRCLE('',#2688,0.499999999999998);
#229=CIRCLE('',#2689,1.5);
#230=CYLINDRICAL_SURFACE('',#2407,2.00000508001);
#231=CYLINDRICAL_SURFACE('',#2411,2.00000508001);
#232=CYLINDRICAL_SURFACE('',#2415,2.00000508001);
#233=CYLINDRICAL_SURFACE('',#2419,2.00000508001);
#234=CYLINDRICAL_SURFACE('',#2422,0.618287418408512);
#235=CYLINDRICAL_SURFACE('',#2425,0.911128985857061);
#236=CYLINDRICAL_SURFACE('',#2446,0.586810617255038);
#237=CYLINDRICAL_SURFACE('',#2449,0.897239055525612);
#238=CYLINDRICAL_SURFACE('',#2453,0.636600348112917);
#239=CYLINDRICAL_SURFACE('',#2456,0.923069330033877);
#240=CYLINDRICAL_SURFACE('',#2460,0.545725358745084);
#241=CYLINDRICAL_SURFACE('',#2463,1.00109387202098);
#242=CYLINDRICAL_SURFACE('',#2467,3.5);
#243=CYLINDRICAL_SURFACE('',#2470,0.1);
#244=CYLINDRICAL_SURFACE('',#2482,6.);
#245=CYLINDRICAL_SURFACE('',#2484,1.5);
#246=CYLINDRICAL_SURFACE('',#2510,0.1);
#247=CYLINDRICAL_SURFACE('',#2516,3.75);
#248=CYLINDRICAL_SURFACE('',#2518,0.75);
#249=CYLINDRICAL_SURFACE('',#2521,0.75);
#250=CYLINDRICAL_SURFACE('',#2527,1.25);
#251=CYLINDRICAL_SURFACE('',#2529,0.5);
#252=CYLINDRICAL_SURFACE('',#2531,4.5);
#253=CYLINDRICAL_SURFACE('',#2544,21.);
#254=CYLINDRICAL_SURFACE('',#2545,0.1);
#255=CYLINDRICAL_SURFACE('',#2550,0.1);
#256=CYLINDRICAL_SURFACE('',#2555,0.1);
#257=CYLINDRICAL_SURFACE('',#2560,0.1);
#258=CYLINDRICAL_SURFACE('',#2562,0.1);
#259=CYLINDRICAL_SURFACE('',#2568,0.1);
#260=CYLINDRICAL_SURFACE('',#2574,0.1);
#261=CYLINDRICAL_SURFACE('',#2576,0.3);
#262=CYLINDRICAL_SURFACE('',#2579,0.3);
#263=CYLINDRICAL_SURFACE('',#2582,0.1);
#264=CYLINDRICAL_SURFACE('',#2587,0.1);
#265=CYLINDRICAL_SURFACE('',#2591,0.1);
#266=CYLINDRICAL_SURFACE('',#2596,0.1);
#267=CYLINDRICAL_SURFACE('',#2602,0.1);
#268=CYLINDRICAL_SURFACE('',#2609,0.1);
#269=CYLINDRICAL_SURFACE('',#2610,0.3);
#270=CYLINDRICAL_SURFACE('',#2613,0.3);
#271=CYLINDRICAL_SURFACE('',#2616,0.1);
#272=CYLINDRICAL_SURFACE('',#2622,0.1);
#273=CYLINDRICAL_SURFACE('',#2626,0.1);
#274=CYLINDRICAL_SURFACE('',#2628,23.5);
#275=CYLINDRICAL_SURFACE('',#2629,35.);
#276=CYLINDRICAL_SURFACE('',#2630,2.);
#277=CYLINDRICAL_SURFACE('',#2631,3.);
#278=CYLINDRICAL_SURFACE('',#2632,4.);
#279=CYLINDRICAL_SURFACE('',#2633,3.);
#280=CYLINDRICAL_SURFACE('',#2634,4.);
#281=CYLINDRICAL_SURFACE('',#2635,6.);
#282=CYLINDRICAL_SURFACE('',#2636,6.);
#283=CYLINDRICAL_SURFACE('',#2637,14.75);
#284=CYLINDRICAL_SURFACE('',#2638,3.);
#285=CYLINDRICAL_SURFACE('',#2639,3.);
#286=CYLINDRICAL_SURFACE('',#2649,2.);
#287=CYLINDRICAL_SURFACE('',#2655,0.5);
#288=CYLINDRICAL_SURFACE('',#2660,0.5);
#289=CYLINDRICAL_SURFACE('',#2665,0.5);
#290=CYLINDRICAL_SURFACE('',#2670,0.5);
#291=CYLINDRICAL_SURFACE('',#2675,0.5);
#292=CYLINDRICAL_SURFACE('',#2680,0.5);
#293=CYLINDRICAL_SURFACE('',#2685,0.5);
#294=CYLINDRICAL_SURFACE('',#2690,0.5);
#295=CYLINDRICAL_SURFACE('',#2691,94.);
#296=CYLINDRICAL_SURFACE('',#2692,5.);
#297=CYLINDRICAL_SURFACE('',#2693,9.5);
#298=CYLINDRICAL_SURFACE('',#2694,0.3);
#299=CYLINDRICAL_SURFACE('',#2696,0.3);
#300=FACE_OUTER_BOUND('',#437,.T.);
#301=FACE_OUTER_BOUND('',#438,.T.);
#302=FACE_OUTER_BOUND('',#439,.T.);
#303=FACE_OUTER_BOUND('',#440,.T.);
#304=FACE_OUTER_BOUND('',#441,.T.);
#305=FACE_OUTER_BOUND('',#442,.T.);
#306=FACE_OUTER_BOUND('',#443,.T.);
#307=FACE_OUTER_BOUND('',#444,.T.);
#308=FACE_OUTER_BOUND('',#445,.T.);
#309=FACE_OUTER_BOUND('',#446,.T.);
#310=FACE_OUTER_BOUND('',#447,.T.);
#311=FACE_OUTER_BOUND('',#449,.T.);
#312=FACE_OUTER_BOUND('',#455,.T.);
#313=FACE_OUTER_BOUND('',#456,.T.);
#314=FACE_OUTER_BOUND('',#457,.T.);
#315=FACE_OUTER_BOUND('',#459,.T.);
#316=FACE_OUTER_BOUND('',#460,.T.);
#317=FACE_OUTER_BOUND('',#461,.T.);
#318=FACE_OUTER_BOUND('',#462,.T.);
#319=FACE_OUTER_BOUND('',#464,.T.);
#320=FACE_OUTER_BOUND('',#465,.T.);
#321=FACE_OUTER_BOUND('',#466,.T.);
#322=FACE_OUTER_BOUND('',#467,.T.);
#323=FACE_OUTER_BOUND('',#469,.T.);
#324=FACE_OUTER_BOUND('',#470,.T.);
#325=FACE_OUTER_BOUND('',#471,.T.);
#326=FACE_OUTER_BOUND('',#472,.T.);
#327=FACE_OUTER_BOUND('',#473,.T.);
#328=FACE_OUTER_BOUND('',#474,.T.);
#329=FACE_OUTER_BOUND('',#475,.T.);
#330=FACE_OUTER_BOUND('',#476,.T.);
#331=FACE_OUTER_BOUND('',#477,.T.);
#332=FACE_OUTER_BOUND('',#478,.T.);
#333=FACE_OUTER_BOUND('',#479,.T.);
#334=FACE_OUTER_BOUND('',#480,.T.);
#335=FACE_OUTER_BOUND('',#481,.T.);
#336=FACE_OUTER_BOUND('',#482,.T.);
#337=FACE_OUTER_BOUND('',#483,.T.);
#338=FACE_OUTER_BOUND('',#484,.T.);
#339=FACE_OUTER_BOUND('',#485,.T.);
#340=FACE_OUTER_BOUND('',#486,.T.);
#341=FACE_OUTER_BOUND('',#487,.T.);
#342=FACE_OUTER_BOUND('',#488,.T.);
#343=FACE_OUTER_BOUND('',#489,.T.);
#344=FACE_OUTER_BOUND('',#490,.T.);
#345=FACE_OUTER_BOUND('',#492,.T.);
#346=FACE_OUTER_BOUND('',#493,.T.);
#347=FACE_OUTER_BOUND('',#494,.T.);
#348=FACE_OUTER_BOUND('',#495,.T.);
#349=FACE_OUTER_BOUND('',#496,.T.);
#350=FACE_OUTER_BOUND('',#497,.T.);
#351=FACE_OUTER_BOUND('',#498,.T.);
#352=FACE_OUTER_BOUND('',#499,.T.);
#353=FACE_OUTER_BOUND('',#500,.T.);
#354=FACE_OUTER_BOUND('',#501,.T.);
#355=FACE_OUTER_BOUND('',#502,.T.);
#356=FACE_OUTER_BOUND('',#503,.T.);
#357=FACE_OUTER_BOUND('',#504,.T.);
#358=FACE_OUTER_BOUND('',#505,.T.);
#359=FACE_OUTER_BOUND('',#506,.T.);
#360=FACE_OUTER_BOUND('',#507,.T.);
#361=FACE_OUTER_BOUND('',#508,.T.);
#362=FACE_OUTER_BOUND('',#509,.T.);
#363=FACE_OUTER_BOUND('',#510,.T.);
#364=FACE_OUTER_BOUND('',#511,.T.);
#365=FACE_OUTER_BOUND('',#512,.T.);
#366=FACE_OUTER_BOUND('',#513,.T.);
#367=FACE_OUTER_BOUND('',#514,.T.);
#368=FACE_OUTER_BOUND('',#515,.T.);
#369=FACE_OUTER_BOUND('',#516,.T.);
#370=FACE_OUTER_BOUND('',#517,.T.);
#371=FACE_OUTER_BOUND('',#518,.T.);
#372=FACE_OUTER_BOUND('',#519,.T.);
#373=FACE_OUTER_BOUND('',#520,.T.);
#374=FACE_OUTER_BOUND('',#521,.T.);
#375=FACE_OUTER_BOUND('',#522,.T.);
#376=FACE_OUTER_BOUND('',#523,.T.);
#377=FACE_OUTER_BOUND('',#524,.T.);
#378=FACE_OUTER_BOUND('',#525,.T.);
#379=FACE_OUTER_BOUND('',#526,.T.);
#380=FACE_OUTER_BOUND('',#527,.T.);
#381=FACE_OUTER_BOUND('',#528,.T.);
#382=FACE_OUTER_BOUND('',#529,.T.);
#383=FACE_OUTER_BOUND('',#530,.T.);
#384=FACE_OUTER_BOUND('',#531,.T.);
#385=FACE_OUTER_BOUND('',#532,.T.);
#386=FACE_OUTER_BOUND('',#533,.T.);
#387=FACE_OUTER_BOUND('',#534,.T.);
#388=FACE_OUTER_BOUND('',#535,.T.);
#389=FACE_OUTER_BOUND('',#536,.T.);
#390=FACE_OUTER_BOUND('',#537,.T.);
#391=FACE_OUTER_BOUND('',#538,.T.);
#392=FACE_OUTER_BOUND('',#539,.T.);
#393=FACE_OUTER_BOUND('',#540,.T.);
#394=FACE_OUTER_BOUND('',#541,.T.);
#395=FACE_OUTER_BOUND('',#542,.T.);
#396=FACE_OUTER_BOUND('',#543,.T.);
#397=FACE_OUTER_BOUND('',#544,.T.);
#398=FACE_OUTER_BOUND('',#545,.T.);
#399=FACE_OUTER_BOUND('',#546,.T.);
#400=FACE_OUTER_BOUND('',#549,.T.);
#401=FACE_OUTER_BOUND('',#550,.T.);
#402=FACE_OUTER_BOUND('',#551,.T.);
#403=FACE_OUTER_BOUND('',#552,.T.);
#404=FACE_OUTER_BOUND('',#553,.T.);
#405=FACE_OUTER_BOUND('',#554,.T.);
#406=FACE_OUTER_BOUND('',#555,.T.);
#407=FACE_OUTER_BOUND('',#556,.T.);
#408=FACE_OUTER_BOUND('',#557,.T.);
#409=FACE_OUTER_BOUND('',#558,.T.);
#410=FACE_OUTER_BOUND('',#559,.T.);
#411=FACE_OUTER_BOUND('',#560,.T.);
#412=FACE_OUTER_BOUND('',#561,.T.);
#413=FACE_OUTER_BOUND('',#562,.T.);
#414=FACE_OUTER_BOUND('',#563,.T.);
#415=FACE_OUTER_BOUND('',#564,.T.);
#416=FACE_OUTER_BOUND('',#565,.T.);
#417=FACE_OUTER_BOUND('',#566,.T.);
#418=FACE_OUTER_BOUND('',#567,.T.);
#419=FACE_OUTER_BOUND('',#568,.T.);
#420=FACE_OUTER_BOUND('',#569,.T.);
#421=FACE_OUTER_BOUND('',#570,.T.);
#422=FACE_OUTER_BOUND('',#571,.T.);
#423=FACE_OUTER_BOUND('',#572,.T.);
#424=FACE_OUTER_BOUND('',#573,.T.);
#425=FACE_OUTER_BOUND('',#574,.T.);
#426=FACE_OUTER_BOUND('',#575,.T.);
#427=FACE_OUTER_BOUND('',#578,.T.);
#428=FACE_OUTER_BOUND('',#579,.T.);
#429=FACE_OUTER_BOUND('',#580,.T.);
#430=FACE_OUTER_BOUND('',#581,.T.);
#431=FACE_OUTER_BOUND('',#582,.T.);
#432=FACE_OUTER_BOUND('',#583,.T.);
#433=FACE_OUTER_BOUND('',#584,.T.);
#434=FACE_OUTER_BOUND('',#585,.T.);
#435=FACE_OUTER_BOUND('',#586,.T.);
#436=FACE_OUTER_BOUND('',#587,.T.);
#437=EDGE_LOOP('',(#1517,#1518,#1519,#1520));
#438=EDGE_LOOP('',(#1521,#1522,#1523,#1524));
#439=EDGE_LOOP('',(#1525,#1526,#1527,#1528));
#440=EDGE_LOOP('',(#1529,#1530,#1531,#1532));
#441=EDGE_LOOP('',(#1533,#1534,#1535,#1536));
#442=EDGE_LOOP('',(#1537,#1538,#1539,#1540));
#443=EDGE_LOOP('',(#1541,#1542,#1543,#1544));
#444=EDGE_LOOP('',(#1545,#1546,#1547,#1548));
#445=EDGE_LOOP('',(#1549,#1550,#1551,#1552));
#446=EDGE_LOOP('',(#1553,#1554,#1555,#1556));
#447=EDGE_LOOP('',(#1557));
#448=EDGE_LOOP('',(#1558));
#449=EDGE_LOOP('',(#1559,#1560,#1561,#1562,#1563,#1564,#1565,#1566,#1567,
#1568,#1569,#1570,#1571,#1572,#1573,#1574,#1575,#1576,#1577,#1578,#1579,
#1580,#1581));
#450=EDGE_LOOP('',(#1582,#1583,#1584,#1585,#1586,#1587,#1588,#1589));
#451=EDGE_LOOP('',(#1590));
#452=EDGE_LOOP('',(#1591));
#453=EDGE_LOOP('',(#1592));
#454=EDGE_LOOP('',(#1593));
#455=EDGE_LOOP('',(#1594,#1595,#1596,#1597));
#456=EDGE_LOOP('',(#1598,#1599,#1600,#1601));
#457=EDGE_LOOP('',(#1602));
#458=EDGE_LOOP('',(#1603));
#459=EDGE_LOOP('',(#1604));
#460=EDGE_LOOP('',(#1605,#1606,#1607,#1608));
#461=EDGE_LOOP('',(#1609,#1610,#1611,#1612));
#462=EDGE_LOOP('',(#1613));
#463=EDGE_LOOP('',(#1614));
#464=EDGE_LOOP('',(#1615));
#465=EDGE_LOOP('',(#1616,#1617,#1618,#1619));
#466=EDGE_LOOP('',(#1620,#1621,#1622,#1623));
#467=EDGE_LOOP('',(#1624));
#468=EDGE_LOOP('',(#1625));
#469=EDGE_LOOP('',(#1626));
#470=EDGE_LOOP('',(#1627,#1628,#1629,#1630,#1631,#1632));
#471=EDGE_LOOP('',(#1633,#1634,#1635,#1636));
#472=EDGE_LOOP('',(#1637,#1638,#1639,#1640,#1641,#1642,#1643,#1644,#1645,
#1646,#1647,#1648,#1649,#1650,#1651,#1652,#1653,#1654));
#473=EDGE_LOOP('',(#1655,#1656,#1657,#1658));
#474=EDGE_LOOP('',(#1659,#1660,#1661,#1662,#1663,#1664));
#475=EDGE_LOOP('',(#1665,#1666,#1667,#1668,#1669,#1670,#1671,#1672,#1673,
#1674,#1675,#1676,#1677,#1678,#1679,#1680,#1681,#1682,#1683,#1684,#1685,
#1686,#1687,#1688,#1689,#1690,#1691,#1692,#1693,#1694,#1695,#1696,#1697,
#1698,#1699,#1700));
#476=EDGE_LOOP('',(#1701,#1702,#1703,#1704));
#477=EDGE_LOOP('',(#1705,#1706,#1707,#1708,#1709));
#478=EDGE_LOOP('',(#1710,#1711,#1712,#1713));
#479=EDGE_LOOP('',(#1714,#1715,#1716,#1717));
#480=EDGE_LOOP('',(#1718,#1719,#1720,#1721));
#481=EDGE_LOOP('',(#1722,#1723,#1724,#1725));
#482=EDGE_LOOP('',(#1726,#1727,#1728,#1729,#1730,#1731));
#483=EDGE_LOOP('',(#1732));
#484=EDGE_LOOP('',(#1733,#1734,#1735,#1736,#1737,#1738,#1739,#1740));
#485=EDGE_LOOP('',(#1741,#1742,#1743,#1744));
#486=EDGE_LOOP('',(#1745,#1746,#1747,#1748));
#487=EDGE_LOOP('',(#1749,#1750,#1751,#1752));
#488=EDGE_LOOP('',(#1753,#1754,#1755,#1756));
#489=EDGE_LOOP('',(#1757,#1758,#1759,#1760,#1761,#1762,#1763,#1764,#1765,
#1766,#1767,#1768,#1769));
#490=EDGE_LOOP('',(#1770,#1771,#1772,#1773,#1774,#1775,#1776,#1777,#1778,
#1779,#1780,#1781,#1782,#1783,#1784,#1785,#1786,#1787,#1788,#1789));
#491=EDGE_LOOP('',(#1790,#1791,#1792,#1793,#1794,#1795,#1796,#1797));
#492=EDGE_LOOP('',(#1798,#1799,#1800,#1801));
#493=EDGE_LOOP('',(#1802,#1803,#1804,#1805));
#494=EDGE_LOOP('',(#1806,#1807,#1808,#1809,#1810));
#495=EDGE_LOOP('',(#1811,#1812,#1813,#1814));
#496=EDGE_LOOP('',(#1815,#1816,#1817,#1818));
#497=EDGE_LOOP('',(#1819,#1820,#1821,#1822));
#498=EDGE_LOOP('',(#1823,#1824,#1825,#1826,#1827));
#499=EDGE_LOOP('',(#1828,#1829,#1830,#1831));
#500=EDGE_LOOP('',(#1832,#1833,#1834,#1835,#1836,#1837));
#501=EDGE_LOOP('',(#1838,#1839,#1840,#1841));
#502=EDGE_LOOP('',(#1842,#1843,#1844,#1845));
#503=EDGE_LOOP('',(#1846,#1847,#1848,#1849));
#504=EDGE_LOOP('',(#1850,#1851,#1852,#1853));
#505=EDGE_LOOP('',(#1854,#1855,#1856,#1857));
#506=EDGE_LOOP('',(#1858,#1859,#1860,#1861));
#507=EDGE_LOOP('',(#1862,#1863,#1864,#1865));
#508=EDGE_LOOP('',(#1866,#1867,#1868,#1869));
#509=EDGE_LOOP('',(#1870,#1871,#1872,#1873));
#510=EDGE_LOOP('',(#1874,#1875,#1876,#1877));
#511=EDGE_LOOP('',(#1878,#1879,#1880,#1881));
#512=EDGE_LOOP('',(#1882,#1883,#1884,#1885));
#513=EDGE_LOOP('',(#1886,#1887,#1888,#1889));
#514=EDGE_LOOP('',(#1890,#1891,#1892,#1893));
#515=EDGE_LOOP('',(#1894,#1895,#1896,#1897));
#516=EDGE_LOOP('',(#1898,#1899,#1900,#1901,#1902,#1903,#1904,#1905));
#517=EDGE_LOOP('',(#1906,#1907,#1908,#1909));
#518=EDGE_LOOP('',(#1910,#1911,#1912,#1913));
#519=EDGE_LOOP('',(#1914,#1915,#1916,#1917));
#520=EDGE_LOOP('',(#1918,#1919,#1920,#1921));
#521=EDGE_LOOP('',(#1922,#1923,#1924,#1925));
#522=EDGE_LOOP('',(#1926,#1927,#1928,#1929));
#523=EDGE_LOOP('',(#1930,#1931,#1932,#1933));
#524=EDGE_LOOP('',(#1934,#1935,#1936,#1937,#1938,#1939));
#525=EDGE_LOOP('',(#1940,#1941,#1942,#1943));
#526=EDGE_LOOP('',(#1944,#1945,#1946,#1947));
#527=EDGE_LOOP('',(#1948,#1949,#1950,#1951));
#528=EDGE_LOOP('',(#1952,#1953,#1954,#1955));
#529=EDGE_LOOP('',(#1956,#1957,#1958,#1959));
#530=EDGE_LOOP('',(#1960,#1961,#1962,#1963));
#531=EDGE_LOOP('',(#1964,#1965,#1966,#1967));
#532=EDGE_LOOP('',(#1968,#1969,#1970,#1971));
#533=EDGE_LOOP('',(#1972,#1973,#1974,#1975));
#534=EDGE_LOOP('',(#1976,#1977,#1978,#1979));
#535=EDGE_LOOP('',(#1980,#1981,#1982,#1983));
#536=EDGE_LOOP('',(#1984,#1985,#1986,#1987));
#537=EDGE_LOOP('',(#1988,#1989,#1990,#1991));
#538=EDGE_LOOP('',(#1992,#1993,#1994,#1995));
#539=EDGE_LOOP('',(#1996,#1997,#1998,#1999));
#540=EDGE_LOOP('',(#2000,#2001,#2002,#2003));
#541=EDGE_LOOP('',(#2004,#2005,#2006,#2007));
#542=EDGE_LOOP('',(#2008,#2009,#2010,#2011));
#543=EDGE_LOOP('',(#2012,#2013,#2014,#2015));
#544=EDGE_LOOP('',(#2016,#2017,#2018,#2019,#2020,#2021,#2022));
#545=EDGE_LOOP('',(#2023,#2024,#2025,#2026));
#546=EDGE_LOOP('',(#2027,#2028,#2029,#2030));
#547=EDGE_LOOP('',(#2031,#2032,#2033,#2034,#2035,#2036,#2037,#2038));
#548=EDGE_LOOP('',(#2039,#2040,#2041,#2042,#2043,#2044,#2045,#2046));
#549=EDGE_LOOP('',(#2047,#2048,#2049,#2050,#2051,#2052,#2053));
#550=EDGE_LOOP('',(#2054,#2055,#2056,#2057,#2058,#2059,#2060,#2061,#2062,
#2063,#2064,#2065,#2066));
#551=EDGE_LOOP('',(#2067,#2068,#2069,#2070));
#552=EDGE_LOOP('',(#2071,#2072,#2073,#2074));
#553=EDGE_LOOP('',(#2075,#2076,#2077,#2078));
#554=EDGE_LOOP('',(#2079,#2080,#2081,#2082));
#555=EDGE_LOOP('',(#2083,#2084,#2085,#2086));
#556=EDGE_LOOP('',(#2087,#2088,#2089,#2090));
#557=EDGE_LOOP('',(#2091,#2092,#2093,#2094));
#558=EDGE_LOOP('',(#2095,#2096,#2097,#2098));
#559=EDGE_LOOP('',(#2099,#2100,#2101,#2102));
#560=EDGE_LOOP('',(#2103,#2104,#2105,#2106));
#561=EDGE_LOOP('',(#2107,#2108,#2109,#2110));
#562=EDGE_LOOP('',(#2111,#2112,#2113,#2114));
#563=EDGE_LOOP('',(#2115,#2116,#2117,#2118));
#564=EDGE_LOOP('',(#2119,#2120,#2121,#2122));
#565=EDGE_LOOP('',(#2123,#2124,#2125,#2126));
#566=EDGE_LOOP('',(#2127,#2128,#2129,#2130));
#567=EDGE_LOOP('',(#2131,#2132,#2133,#2134));
#568=EDGE_LOOP('',(#2135,#2136,#2137,#2138));
#569=EDGE_LOOP('',(#2139,#2140,#2141,#2142));
#570=EDGE_LOOP('',(#2143,#2144,#2145,#2146));
#571=EDGE_LOOP('',(#2147,#2148,#2149,#2150));
#572=EDGE_LOOP('',(#2151,#2152,#2153,#2154));
#573=EDGE_LOOP('',(#2155,#2156,#2157,#2158));
#574=EDGE_LOOP('',(#2159,#2160,#2161,#2162));
#575=EDGE_LOOP('',(#2163,#2164,#2165,#2166));
#576=EDGE_LOOP('',(#2167,#2168,#2169,#2170,#2171,#2172,#2173,#2174));
#577=EDGE_LOOP('',(#2175,#2176,#2177,#2178,#2179,#2180,#2181,#2182));
#578=EDGE_LOOP('',(#2183,#2184,#2185,#2186));
#579=EDGE_LOOP('',(#2187,#2188,#2189,#2190));
#580=EDGE_LOOP('',(#2191,#2192,#2193,#2194));
#581=EDGE_LOOP('',(#2195,#2196,#2197,#2198));
#582=EDGE_LOOP('',(#2199,#2200,#2201,#2202));
#583=EDGE_LOOP('',(#2203,#2204,#2205,#2206));
#584=EDGE_LOOP('',(#2207,#2208,#2209,#2210));
#585=EDGE_LOOP('',(#2211,#2212,#2213,#2214));
#586=EDGE_LOOP('',(#2215,#2216,#2217,#2218));
#587=EDGE_LOOP('',(#2219,#2220,#2221,#2222));
#588=LINE('',#3499,#763);
#589=LINE('',#3501,#764);
#590=LINE('',#3503,#765);
#591=LINE('',#3504,#766);
#592=LINE('',#3510,#767);
#593=LINE('',#3513,#768);
#594=LINE('',#3515,#769);
#595=LINE('',#3516,#770);
#596=LINE('',#3522,#771);
#597=LINE('',#3525,#772);
#598=LINE('',#3527,#773);
#599=LINE('',#3528,#774);
#600=LINE('',#3534,#775);
#601=LINE('',#3537,#776);
#602=LINE('',#3539,#777);
#603=LINE('',#3540,#778);
#604=LINE('',#3548,#779);
#605=LINE('',#3554,#780);
#606=LINE('',#3562,#781);
#607=LINE('',#3566,#782);
#608=LINE('',#3568,#783);
#609=LINE('',#3572,#784);
#610=LINE('',#3578,#785);
#611=LINE('',#3584,#786);
#612=LINE('',#3590,#787);
#613=LINE('',#3596,#788);
#614=LINE('',#3602,#789);
#615=LINE('',#3603,#790);
#616=LINE('',#3614,#791);
#617=LINE('',#3619,#792);
#618=LINE('',#3626,#793);
#619=LINE('',#3631,#794);
#620=LINE('',#3638,#795);
#621=LINE('',#3643,#796);
#622=LINE('',#3660,#797);
#623=LINE('',#3664,#798);
#624=LINE('',#3667,#799);
#625=LINE('',#3672,#800);
#626=LINE('',#3678,#801);
#627=LINE('',#3684,#802);
#628=LINE('',#3688,#803);
#629=LINE('',#3692,#804);
#630=LINE('',#3696,#805);
#631=LINE('',#3698,#806);
#632=LINE('',#3702,#807);
#633=LINE('',#3705,#808);
#634=LINE('',#3709,#809);
#635=LINE('',#3715,#810);
#636=LINE('',#3719,#811);
#637=LINE('',#3733,#812);
#638=LINE('',#3738,#813);
#639=LINE('',#3744,#814);
#640=LINE('',#3746,#815);
#641=LINE('',#3752,#816);
#642=LINE('',#3758,#817);
#643=LINE('',#3764,#818);
#644=LINE('',#3770,#819);
#645=LINE('',#3778,#820);
#646=LINE('',#3786,#821);
#647=LINE('',#3790,#822);
#648=LINE('',#3794,#823);
#649=LINE('',#3798,#824);
#650=LINE('',#3802,#825);
#651=LINE('',#3807,#826);
#652=LINE('',#3816,#827);
#653=LINE('',#3820,#828);
#654=LINE('',#3823,#829);
#655=LINE('',#3863,#830);
#656=LINE('',#3864,#831);
#657=LINE('',#3866,#832);
#658=LINE('',#3872,#833);
#659=LINE('',#3875,#834);
#660=LINE('',#3876,#835);
#661=LINE('',#3878,#836);
#662=LINE('',#3880,#837);
#663=LINE('',#3883,#838);
#664=LINE('',#3886,#839);
#665=LINE('',#3890,#840);
#666=LINE('',#3893,#841);
#667=LINE('',#3895,#842);
#668=LINE('',#3897,#843);
#669=LINE('',#3901,#844);
#670=LINE('',#3903,#845);
#671=LINE('',#3905,#846);
#672=LINE('',#3909,#847);
#673=LINE('',#3912,#848);
#674=LINE('',#3914,#849);
#675=LINE('',#3916,#850);
#676=LINE('',#3920,#851);
#677=LINE('',#3924,#852);
#678=LINE('',#3928,#853);
#679=LINE('',#3932,#854);
#680=LINE('',#3936,#855);
#681=LINE('',#3938,#856);
#682=LINE('',#3939,#857);
#683=LINE('',#3942,#858);
#684=LINE('',#3951,#859);
#685=LINE('',#3957,#860);
#686=LINE('',#3965,#861);
#687=LINE('',#3966,#862);
#688=LINE('',#3970,#863);
#689=LINE('',#3973,#864);
#690=LINE('',#3984,#865);
#691=LINE('',#3985,#866);
#692=LINE('',#3996,#867);
#693=LINE('',#3997,#868);
#694=LINE('',#4000,#869);
#695=LINE('',#4003,#870);
#696=LINE('',#4006,#871);
#697=LINE('',#4007,#872);
#698=LINE('',#4010,#873);
#699=LINE('',#4013,#874);
#700=LINE('',#4017,#875);
#701=LINE('',#4027,#876);
#702=LINE('',#4032,#877);
#703=LINE('',#4035,#878);
#704=LINE('',#4038,#879);
#705=LINE('',#4041,#880);
#706=LINE('',#4052,#881);
#707=LINE('',#4053,#882);
#708=LINE('',#4099,#883);
#709=LINE('',#4100,#884);
#710=LINE('',#4103,#885);
#711=LINE('',#4110,#886);
#712=LINE('',#4113,#887);
#713=LINE('',#4115,#888);
#714=LINE('',#4119,#889);
#715=LINE('',#4122,#890);
#716=LINE('',#4124,#891);
#717=LINE('',#4127,#892);
#718=LINE('',#4175,#893);
#719=LINE('',#4176,#894);
#720=LINE('',#4178,#895);
#721=LINE('',#4179,#896);
#722=LINE('',#4181,#897);
#723=LINE('',#4183,#898);
#724=LINE('',#4184,#899);
#725=LINE('',#4186,#900);
#726=LINE('',#4188,#901);
#727=LINE('',#4189,#902);
#728=LINE('',#4191,#903);
#729=LINE('',#4193,#904);
#730=LINE('',#4194,#905);
#731=LINE('',#4196,#906);
#732=LINE('',#4197,#907);
#733=LINE('',#4199,#908);
#734=LINE('',#4200,#909);
#735=LINE('',#4203,#910);
#736=LINE('',#4204,#911);
#737=LINE('',#4206,#912);
#738=LINE('',#4211,#913);
#739=LINE('',#4215,#914);
#740=LINE('',#4219,#915);
#741=LINE('',#4222,#916);
#742=LINE('',#4227,#917);
#743=LINE('',#4231,#918);
#744=LINE('',#4235,#919);
#745=LINE('',#4238,#920);
#746=LINE('',#4240,#921);
#747=LINE('',#4251,#922);
#748=LINE('',#4259,#923);
#749=LINE('',#4267,#924);
#750=LINE('',#4273,#925);
#751=LINE('',#4283,#926);
#752=LINE('',#4291,#927);
#753=LINE('',#4299,#928);
#754=LINE('',#4305,#929);
#755=LINE('',#4307,#930);
#756=LINE('',#4308,#931);
#757=LINE('',#4310,#932);
#758=LINE('',#4312,#933);
#759=LINE('',#4314,#934);
#760=LINE('',#4315,#935);
#761=LINE('',#4317,#936);
#762=LINE('',#4319,#937);
#763=VECTOR('',#2714,10.);
#764=VECTOR('',#2715,10.);
#765=VECTOR('',#2716,10.);
#766=VECTOR('',#2717,10.);
#767=VECTOR('',#2724,10.);
#768=VECTOR('',#2727,10.);
#769=VECTOR('',#2728,10.);
#770=VECTOR('',#2729,10.);
#771=VECTOR('',#2736,10.);
#772=VECTOR('',#2739,10.);
#773=VECTOR('',#2740,10.);
#774=VECTOR('',#2741,10.);
#775=VECTOR('',#2748,10.);
#776=VECTOR('',#2751,10.);
#777=VECTOR('',#2752,10.);
#778=VECTOR('',#2753,10.);
#779=VECTOR('',#2764,0.618287418408512);
#780=VECTOR('',#2771,0.911128985857061);
#781=VECTOR('',#2780,10.);
#782=VECTOR('',#2783,10.);
#783=VECTOR('',#2784,10.);
#784=VECTOR('',#2787,10.);
#785=VECTOR('',#2792,10.);
#786=VECTOR('',#2797,10.);
#787=VECTOR('',#2802,10.);
#788=VECTOR('',#2807,10.);
#789=VECTOR('',#2812,10.);
#790=VECTOR('',#2813,10.);
#791=VECTOR('',#2824,0.586810617255038);
#792=VECTOR('',#2831,0.897239055525611);
#793=VECTOR('',#2840,0.636600348112917);
#794=VECTOR('',#2847,0.923069330033877);
#795=VECTOR('',#2856,0.545725358745084);
#796=VECTOR('',#2863,1.00109387202098);
#797=VECTOR('',#2870,10.);
#798=VECTOR('',#2873,10.);
#799=VECTOR('',#2876,10.);
#800=VECTOR('',#2881,10.);
#801=VECTOR('',#2888,10.3765);
#802=VECTOR('',#2893,10.3765);
#803=VECTOR('',#2896,10.);
#804=VECTOR('',#2899,10.);
#805=VECTOR('',#2902,10.);
#806=VECTOR('',#2903,10.);
#807=VECTOR('',#2906,10.);
#808=VECTOR('',#2909,10.);
#809=VECTOR('',#2914,6.);
#810=VECTOR('',#2919,10.);
#811=VECTOR('',#2922,10.);
#812=VECTOR('',#2923,10.);
#813=VECTOR('',#2928,10.);
#814=VECTOR('',#2933,10.);
#815=VECTOR('',#2934,10.);
#816=VECTOR('',#2939,10.);
#817=VECTOR('',#2944,10.);
#818=VECTOR('',#2949,10.);
#819=VECTOR('',#2954,10.);
#820=VECTOR('',#2961,10.);
#821=VECTOR('',#2968,10.3765);
#822=VECTOR('',#2971,10.3765);
#823=VECTOR('',#2974,10.3765);
#824=VECTOR('',#2977,10.3765);
#825=VECTOR('',#2980,10.3765);
#826=VECTOR('',#2987,10.);
#827=VECTOR('',#2998,3.75);
#828=VECTOR('',#3003,10.);
#829=VECTOR('',#3006,10.);
#830=VECTOR('',#3011,0.75);
#831=VECTOR('',#3012,0.75);
#832=VECTOR('',#3015,10.);
#833=VECTOR('',#3022,10.);
#834=VECTOR('',#3025,10.);
#835=VECTOR('',#3026,10.);
#836=VECTOR('',#3029,10.);
#837=VECTOR('',#3032,10.);
#838=VECTOR('',#3035,10.);
#839=VECTOR('',#3038,10.);
#840=VECTOR('',#3043,4.5);
#841=VECTOR('',#3046,10.3765);
#842=VECTOR('',#3047,10.);
#843=VECTOR('',#3048,10.);
#844=VECTOR('',#3051,10.);
#845=VECTOR('',#3052,10.3765);
#846=VECTOR('',#3053,10.);
#847=VECTOR('',#3056,10.);
#848=VECTOR('',#3059,10.);
#849=VECTOR('',#3062,10.3765);
#850=VECTOR('',#3063,10.3765);
#851=VECTOR('',#3066,10.3765);
#852=VECTOR('',#3069,10.3765);
#853=VECTOR('',#3072,10.3765);
#854=VECTOR('',#3075,10.3765);
#855=VECTOR('',#3080,10.3765);
#856=VECTOR('',#3083,10.);
#857=VECTOR('',#3084,10.);
#858=VECTOR('',#3087,10.);
#859=VECTOR('',#3100,10.);
#860=VECTOR('',#3109,10.);
#861=VECTOR('',#3120,10.);
#862=VECTOR('',#3121,10.);
#863=VECTOR('',#3126,10.);
#864=VECTOR('',#3129,10.);
#865=VECTOR('',#3142,10.);
#866=VECTOR('',#3143,10.);
#867=VECTOR('',#3156,10.);
#868=VECTOR('',#3157,10.);
#869=VECTOR('',#3160,10.);
#870=VECTOR('',#3163,10.);
#871=VECTOR('',#3166,10.);
#872=VECTOR('',#3167,10.);
#873=VECTOR('',#3170,10.);
#874=VECTOR('',#3175,10.);
#875=VECTOR('',#3180,10.);
#876=VECTOR('',#3199,10.);
#877=VECTOR('',#3204,10.);
#878=VECTOR('',#3207,10.);
#879=VECTOR('',#3210,10.);
#880=VECTOR('',#3213,10.);
#881=VECTOR('',#3226,10.);
#882=VECTOR('',#3227,10.);
#883=VECTOR('',#3240,10.);
#884=VECTOR('',#3241,10.);
#885=VECTOR('',#3244,10.);
#886=VECTOR('',#3245,10.);
#887=VECTOR('',#3248,10.);
#888=VECTOR('',#3249,10.);
#889=VECTOR('',#3254,10.);
#890=VECTOR('',#3259,10.);
#891=VECTOR('',#3262,10.);
#892=VECTOR('',#3265,10.);
#893=VECTOR('',#3288,23.5);
#894=VECTOR('',#3289,10.);
#895=VECTOR('',#3292,10.);
#896=VECTOR('',#3293,10.);
#897=VECTOR('',#3296,2.);
#898=VECTOR('',#3299,10.);
#899=VECTOR('',#3300,10.);
#900=VECTOR('',#3303,10.);
#901=VECTOR('',#3306,10.);
#902=VECTOR('',#3307,10.);
#903=VECTOR('',#3310,10.);
#904=VECTOR('',#3313,6.);
#905=VECTOR('',#3314,10.);
#906=VECTOR('',#3317,6.);
#907=VECTOR('',#3318,10.3765);
#908=VECTOR('',#3321,14.75);
#909=VECTOR('',#3322,10.);
#910=VECTOR('',#3327,3.);
#911=VECTOR('',#3328,10.);
#912=VECTOR('',#3331,9.5);
#913=VECTOR('',#3334,10.);
#914=VECTOR('',#3337,10.);
#915=VECTOR('',#3340,10.);
#916=VECTOR('',#3343,10.);
#917=VECTOR('',#3346,10.);
#918=VECTOR('',#3349,10.);
#919=VECTOR('',#3352,10.);
#920=VECTOR('',#3355,10.);
#921=VECTOR('',#3358,2.);
#922=VECTOR('',#3373,10.);
#923=VECTOR('',#3384,10.);
#924=VECTOR('',#3395,10.);
#925=VECTOR('',#3404,10.);
#926=VECTOR('',#3417,10.);
#927=VECTOR('',#3428,10.);
#928=VECTOR('',#3439,10.);
#929=VECTOR('',#3448,10.);
#930=VECTOR('',#3451,94.);
#931=VECTOR('',#3452,10.);
#932=VECTOR('',#3455,5.);
#933=VECTOR('',#3458,10.);
#934=VECTOR('',#3461,10.);
#935=VECTOR('',#3462,10.);
#936=VECTOR('',#3465,10.);
#937=VECTOR('',#3468,10.);
#938=VERTEX_POINT('',#3497);
#939=VERTEX_POINT('',#3498);
#940=VERTEX_POINT('',#3500);
#941=VERTEX_POINT('',#3502);
#942=VERTEX_POINT('',#3506);
#943=VERTEX_POINT('',#3508);
#944=VERTEX_POINT('',#3512);
#945=VERTEX_POINT('',#3514);
#946=VERTEX_POINT('',#3518);
#947=VERTEX_POINT('',#3520);
#948=VERTEX_POINT('',#3524);
#949=VERTEX_POINT('',#3526);
#950=VERTEX_POINT('',#3530);
#951=VERTEX_POINT('',#3532);
#952=VERTEX_POINT('',#3536);
#953=VERTEX_POINT('',#3538);
#954=VERTEX_POINT('',#3545);
#955=VERTEX_POINT('',#3547);
#956=VERTEX_POINT('',#3551);
#957=VERTEX_POINT('',#3553);
#958=VERTEX_POINT('',#3558);
#959=VERTEX_POINT('',#3559);
#960=VERTEX_POINT('',#3561);
#961=VERTEX_POINT('',#3563);
#962=VERTEX_POINT('',#3565);
#963=VERTEX_POINT('',#3567);
#964=VERTEX_POINT('',#3569);
#965=VERTEX_POINT('',#3571);
#966=VERTEX_POINT('',#3573);
#967=VERTEX_POINT('',#3575);
#968=VERTEX_POINT('',#3577);
#969=VERTEX_POINT('',#3579);
#970=VERTEX_POINT('',#3581);
#971=VERTEX_POINT('',#3583);
#972=VERTEX_POINT('',#3585);
#973=VERTEX_POINT('',#3587);
#974=VERTEX_POINT('',#3589);
#975=VERTEX_POINT('',#3591);
#976=VERTEX_POINT('',#3593);
#977=VERTEX_POINT('',#3595);
#978=VERTEX_POINT('',#3597);
#979=VERTEX_POINT('',#3599);
#980=VERTEX_POINT('',#3601);
#981=VERTEX_POINT('',#3604);
#982=VERTEX_POINT('',#3606);
#983=VERTEX_POINT('',#3608);
#984=VERTEX_POINT('',#3611);
#985=VERTEX_POINT('',#3613);
#986=VERTEX_POINT('',#3617);
#987=VERTEX_POINT('',#3623);
#988=VERTEX_POINT('',#3625);
#989=VERTEX_POINT('',#3629);
#990=VERTEX_POINT('',#3635);
#991=VERTEX_POINT('',#3637);
#992=VERTEX_POINT('',#3641);
#993=VERTEX_POINT('',#3647);
#994=VERTEX_POINT('',#3648);
#995=VERTEX_POINT('',#3659);
#996=VERTEX_POINT('',#3661);
#997=VERTEX_POINT('',#3663);
#998=VERTEX_POINT('',#3665);
#999=VERTEX_POINT('',#3669);
#1000=VERTEX_POINT('',#3671);
#1001=VERTEX_POINT('',#3675);
#1002=VERTEX_POINT('',#3677);
#1003=VERTEX_POINT('',#3679);
#1004=VERTEX_POINT('',#3681);
#1005=VERTEX_POINT('',#3683);
#1006=VERTEX_POINT('',#3685);
#1007=VERTEX_POINT('',#3687);
#1008=VERTEX_POINT('',#3689);
#1009=VERTEX_POINT('',#3691);
#1010=VERTEX_POINT('',#3693);
#1011=VERTEX_POINT('',#3695);
#1012=VERTEX_POINT('',#3697);
#1013=VERTEX_POINT('',#3699);
#1014=VERTEX_POINT('',#3701);
#1015=VERTEX_POINT('',#3703);
#1016=VERTEX_POINT('',#3707);
#1017=VERTEX_POINT('',#3711);
#1018=VERTEX_POINT('',#3712);
#1019=VERTEX_POINT('',#3714);
#1020=VERTEX_POINT('',#3716);
#1021=VERTEX_POINT('',#3718);
#1022=VERTEX_POINT('',#3720);
#1023=VERTEX_POINT('',#3735);
#1024=VERTEX_POINT('',#3737);
#1025=VERTEX_POINT('',#3739);
#1026=VERTEX_POINT('',#3741);
#1027=VERTEX_POINT('',#3743);
#1028=VERTEX_POINT('',#3745);
#1029=VERTEX_POINT('',#3747);
#1030=VERTEX_POINT('',#3749);
#1031=VERTEX_POINT('',#3751);
#1032=VERTEX_POINT('',#3753);
#1033=VERTEX_POINT('',#3755);
#1034=VERTEX_POINT('',#3757);
#1035=VERTEX_POINT('',#3759);
#1036=VERTEX_POINT('',#3761);
#1037=VERTEX_POINT('',#3763);
#1038=VERTEX_POINT('',#3765);
#1039=VERTEX_POINT('',#3767);
#1040=VERTEX_POINT('',#3769);
#1041=VERTEX_POINT('',#3771);
#1042=VERTEX_POINT('',#3773);
#1043=VERTEX_POINT('',#3775);
#1044=VERTEX_POINT('',#3777);
#1045=VERTEX_POINT('',#3779);
#1046=VERTEX_POINT('',#3781);
#1047=VERTEX_POINT('',#3783);
#1048=VERTEX_POINT('',#3785);
#1049=VERTEX_POINT('',#3787);
#1050=VERTEX_POINT('',#3789);
#1051=VERTEX_POINT('',#3791);
#1052=VERTEX_POINT('',#3793);
#1053=VERTEX_POINT('',#3795);
#1054=VERTEX_POINT('',#3797);
#1055=VERTEX_POINT('',#3799);
#1056=VERTEX_POINT('',#3801);
#1057=VERTEX_POINT('',#3805);
#1058=VERTEX_POINT('',#3809);
#1059=VERTEX_POINT('',#3811);
#1060=VERTEX_POINT('',#3815);
#1061=VERTEX_POINT('',#3819);
#1062=VERTEX_POINT('',#3821);
#1063=VERTEX_POINT('',#3849);
#1064=VERTEX_POINT('',#3850);
#1065=VERTEX_POINT('',#3869);
#1066=VERTEX_POINT('',#3871);
#1067=VERTEX_POINT('',#3873);
#1068=VERTEX_POINT('',#3882);
#1069=VERTEX_POINT('',#3884);
#1070=VERTEX_POINT('',#3888);
#1071=VERTEX_POINT('',#3892);
#1072=VERTEX_POINT('',#3894);
#1073=VERTEX_POINT('',#3896);
#1074=VERTEX_POINT('',#3898);
#1075=VERTEX_POINT('',#3900);
#1076=VERTEX_POINT('',#3902);
#1077=VERTEX_POINT('',#3904);
#1078=VERTEX_POINT('',#3906);
#1079=VERTEX_POINT('',#3908);
#1080=VERTEX_POINT('',#3910);
#1081=VERTEX_POINT('',#3915);
#1082=VERTEX_POINT('',#3917);
#1083=VERTEX_POINT('',#3919);
#1084=VERTEX_POINT('',#3921);
#1085=VERTEX_POINT('',#3923);
#1086=VERTEX_POINT('',#3925);
#1087=VERTEX_POINT('',#3927);
#1088=VERTEX_POINT('',#3929);
#1089=VERTEX_POINT('',#3931);
#1090=VERTEX_POINT('',#3933);
#1091=VERTEX_POINT('',#3941);
#1092=VERTEX_POINT('',#3945);
#1093=VERTEX_POINT('',#3949);
#1094=VERTEX_POINT('',#3953);
#1095=VERTEX_POINT('',#3959);
#1096=VERTEX_POINT('',#3961);
#1097=VERTEX_POINT('',#3969);
#1098=VERTEX_POINT('',#3971);
#1099=VERTEX_POINT('',#3975);
#1100=VERTEX_POINT('',#3976);
#1101=VERTEX_POINT('',#3981);
#1102=VERTEX_POINT('',#3982);
#1103=VERTEX_POINT('',#3987);
#1104=VERTEX_POINT('',#3988);
#1105=VERTEX_POINT('',#3993);
#1106=VERTEX_POINT('',#3994);
#1107=VERTEX_POINT('',#3999);
#1108=VERTEX_POINT('',#4001);
#1109=VERTEX_POINT('',#4005);
#1110=VERTEX_POINT('',#4009);
#1111=VERTEX_POINT('',#4015);
#1112=VERTEX_POINT('',#4029);
#1113=VERTEX_POINT('',#4031);
#1114=VERTEX_POINT('',#4033);
#1115=VERTEX_POINT('',#4037);
#1116=VERTEX_POINT('',#4039);
#1117=VERTEX_POINT('',#4043);
#1118=VERTEX_POINT('',#4044);
#1119=VERTEX_POINT('',#4049);
#1120=VERTEX_POINT('',#4050);
#1121=VERTEX_POINT('',#4055);
#1122=VERTEX_POINT('',#4056);
#1123=VERTEX_POINT('',#4085);
#1124=VERTEX_POINT('',#4086);
#1125=VERTEX_POINT('',#4102);
#1126=VERTEX_POINT('',#4104);
#1127=VERTEX_POINT('',#4112);
#1128=VERTEX_POINT('',#4114);
#1129=VERTEX_POINT('',#4118);
#1130=VERTEX_POINT('',#4125);
#1131=VERTEX_POINT('',#4158);
#1132=VERTEX_POINT('',#4207);
#1133=VERTEX_POINT('',#4208);
#1134=VERTEX_POINT('',#4210);
#1135=VERTEX_POINT('',#4212);
#1136=VERTEX_POINT('',#4214);
#1137=VERTEX_POINT('',#4216);
#1138=VERTEX_POINT('',#4218);
#1139=VERTEX_POINT('',#4220);
#1140=VERTEX_POINT('',#4223);
#1141=VERTEX_POINT('',#4224);
#1142=VERTEX_POINT('',#4226);
#1143=VERTEX_POINT('',#4228);
#1144=VERTEX_POINT('',#4230);
#1145=VERTEX_POINT('',#4232);
#1146=VERTEX_POINT('',#4234);
#1147=VERTEX_POINT('',#4236);
#1148=VERTEX_POINT('',#4243);
#1149=VERTEX_POINT('',#4245);
#1150=VERTEX_POINT('',#4249);
#1151=VERTEX_POINT('',#4253);
#1152=VERTEX_POINT('',#4257);
#1153=VERTEX_POINT('',#4261);
#1154=VERTEX_POINT('',#4265);
#1155=VERTEX_POINT('',#4269);
#1156=VERTEX_POINT('',#4275);
#1157=VERTEX_POINT('',#4277);
#1158=VERTEX_POINT('',#4281);
#1159=VERTEX_POINT('',#4285);
#1160=VERTEX_POINT('',#4289);
#1161=VERTEX_POINT('',#4293);
#1162=VERTEX_POINT('',#4297);
#1163=VERTEX_POINT('',#4301);
#1164=EDGE_CURVE('',#938,#939,#588,.T.);
#1165=EDGE_CURVE('',#940,#938,#589,.T.);
#1166=EDGE_CURVE('',#941,#940,#590,.T.);
#1167=EDGE_CURVE('',#941,#939,#591,.T.);
#1168=EDGE_CURVE('',#939,#942,#60,.T.);
#1169=EDGE_CURVE('',#943,#941,#61,.T.);
#1170=EDGE_CURVE('',#943,#942,#592,.T.);
#1171=EDGE_CURVE('',#942,#944,#593,.T.);
#1172=EDGE_CURVE('',#945,#943,#594,.T.);
#1173=EDGE_CURVE('',#945,#944,#595,.T.);
#1174=EDGE_CURVE('',#944,#946,#62,.T.);
#1175=EDGE_CURVE('',#947,#945,#63,.T.);
#1176=EDGE_CURVE('',#946,#947,#596,.T.);
#1177=EDGE_CURVE('',#946,#948,#597,.T.);
#1178=EDGE_CURVE('',#949,#947,#598,.T.);
#1179=EDGE_CURVE('',#949,#948,#599,.T.);
#1180=EDGE_CURVE('',#948,#950,#64,.T.);
#1181=EDGE_CURVE('',#951,#949,#65,.T.);
#1182=EDGE_CURVE('',#951,#950,#600,.T.);
#1183=EDGE_CURVE('',#950,#952,#601,.T.);
#1184=EDGE_CURVE('',#953,#951,#602,.T.);
#1185=EDGE_CURVE('',#953,#952,#603,.T.);
#1186=EDGE_CURVE('',#952,#938,#66,.T.);
#1187=EDGE_CURVE('',#940,#953,#67,.T.);
#1188=EDGE_CURVE('',#954,#954,#68,.T.);
#1189=EDGE_CURVE('',#954,#955,#604,.T.);
#1190=EDGE_CURVE('',#955,#955,#69,.T.);
#1191=EDGE_CURVE('',#956,#956,#70,.T.);
#1192=EDGE_CURVE('',#956,#957,#605,.T.);
#1193=EDGE_CURVE('',#957,#957,#71,.T.);
#1194=EDGE_CURVE('',#958,#959,#72,.T.);
#1195=EDGE_CURVE('',#960,#959,#606,.T.);
#1196=EDGE_CURVE('',#960,#961,#73,.T.);
#1197=EDGE_CURVE('',#962,#961,#607,.T.);
#1198=EDGE_CURVE('',#963,#962,#608,.T.);
#1199=EDGE_CURVE('',#963,#964,#74,.T.);
#1200=EDGE_CURVE('',#965,#964,#609,.T.);
#1201=EDGE_CURVE('',#965,#966,#75,.T.);
#1202=EDGE_CURVE('',#966,#967,#76,.T.);
#1203=EDGE_CURVE('',#968,#967,#610,.T.);
#1204=EDGE_CURVE('',#968,#969,#77,.T.);
#1205=EDGE_CURVE('',#969,#970,#78,.T.);
#1206=EDGE_CURVE('',#971,#970,#611,.T.);
#1207=EDGE_CURVE('',#971,#972,#79,.T.);
#1208=EDGE_CURVE('',#972,#973,#80,.T.);
#1209=EDGE_CURVE('',#974,#973,#612,.T.);
#1210=EDGE_CURVE('',#975,#974,#81,.F.);
#1211=EDGE_CURVE('',#975,#976,#82,.T.);
#1212=EDGE_CURVE('',#977,#976,#613,.T.);
#1213=EDGE_CURVE('',#977,#978,#83,.T.);
#1214=EDGE_CURVE('',#978,#979,#84,.T.);
#1215=EDGE_CURVE('',#980,#979,#614,.T.);
#1216=EDGE_CURVE('',#958,#980,#615,.T.);
#1217=EDGE_CURVE('',#981,#981,#85,.T.);
#1218=EDGE_CURVE('',#982,#982,#86,.T.);
#1219=EDGE_CURVE('',#983,#983,#87,.T.);
#1220=EDGE_CURVE('',#984,#984,#88,.T.);
#1221=EDGE_CURVE('',#984,#985,#616,.T.);
#1222=EDGE_CURVE('',#985,#985,#89,.T.);
#1223=EDGE_CURVE('',#986,#986,#90,.T.);
#1224=EDGE_CURVE('',#986,#981,#617,.T.);
#1225=EDGE_CURVE('',#987,#987,#91,.T.);
#1226=EDGE_CURVE('',#987,#988,#618,.T.);
#1227=EDGE_CURVE('',#988,#988,#92,.T.);
#1228=EDGE_CURVE('',#989,#989,#93,.T.);
#1229=EDGE_CURVE('',#989,#983,#619,.T.);
#1230=EDGE_CURVE('',#990,#990,#94,.T.);
#1231=EDGE_CURVE('',#990,#991,#620,.T.);
#1232=EDGE_CURVE('',#991,#991,#95,.T.);
#1233=EDGE_CURVE('',#992,#992,#96,.T.);
#1234=EDGE_CURVE('',#992,#982,#621,.T.);
#1235=EDGE_CURVE('',#993,#994,#38,.T.);
#1236=EDGE_CURVE('',#994,#995,#622,.T.);
#1237=EDGE_CURVE('',#995,#996,#97,.T.);
#1238=EDGE_CURVE('',#996,#997,#623,.T.);
#1239=EDGE_CURVE('',#997,#998,#98,.T.);
#1240=EDGE_CURVE('',#998,#993,#624,.T.);
#1241=EDGE_CURVE('',#998,#999,#99,.T.);
#1242=EDGE_CURVE('',#999,#1000,#625,.T.);
#1243=EDGE_CURVE('',#1000,#993,#100,.T.);
#1244=EDGE_CURVE('',#1001,#997,#101,.T.);
#1245=EDGE_CURVE('',#1001,#1002,#626,.T.);
#1246=EDGE_CURVE('',#1003,#1002,#102,.T.);
#1247=EDGE_CURVE('',#1004,#1003,#103,.T.);
#1248=EDGE_CURVE('',#1004,#1005,#627,.T.);
#1249=EDGE_CURVE('',#1006,#1005,#104,.T.);
#1250=EDGE_CURVE('',#1006,#1007,#628,.T.);
#1251=EDGE_CURVE('',#1008,#1007,#105,.T.);
#1252=EDGE_CURVE('',#1008,#1009,#629,.T.);
#1253=EDGE_CURVE('',#1010,#1009,#106,.T.);
#1254=EDGE_CURVE('',#1010,#1011,#630,.T.);
#1255=EDGE_CURVE('',#1011,#1012,#631,.T.);
#1256=EDGE_CURVE('',#1013,#1012,#107,.T.);
#1257=EDGE_CURVE('',#1013,#1014,#632,.T.);
#1258=EDGE_CURVE('',#1015,#1014,#108,.T.);
#1259=EDGE_CURVE('',#1015,#999,#633,.T.);
#1260=EDGE_CURVE('',#1016,#996,#109,.F.);
#1261=EDGE_CURVE('',#1016,#1001,#634,.T.);
#1262=EDGE_CURVE('',#1017,#1018,#110,.T.);
#1263=EDGE_CURVE('',#1018,#1019,#635,.T.);
#1264=EDGE_CURVE('',#1019,#1020,#111,.T.);
#1265=EDGE_CURVE('',#1020,#1021,#636,.T.);
#1266=EDGE_CURVE('',#1021,#1022,#39,.T.);
#1267=EDGE_CURVE('',#1022,#1017,#637,.T.);
#1268=EDGE_CURVE('',#1023,#1017,#112,.T.);
#1269=EDGE_CURVE('',#1023,#1024,#638,.T.);
#1270=EDGE_CURVE('',#1025,#1024,#113,.T.);
#1271=EDGE_CURVE('',#1025,#1026,#114,.F.);
#1272=EDGE_CURVE('',#1026,#1027,#639,.T.);
#1273=EDGE_CURVE('',#1027,#1028,#640,.T.);
#1274=EDGE_CURVE('',#1029,#1028,#115,.T.);
#1275=EDGE_CURVE('',#1030,#1029,#116,.T.);
#1276=EDGE_CURVE('',#1030,#1031,#641,.T.);
#1277=EDGE_CURVE('',#1032,#1031,#117,.T.);
#1278=EDGE_CURVE('',#1033,#1032,#118,.T.);
#1279=EDGE_CURVE('',#1033,#1034,#642,.T.);
#1280=EDGE_CURVE('',#1035,#1034,#119,.T.);
#1281=EDGE_CURVE('',#1036,#1035,#120,.T.);
#1282=EDGE_CURVE('',#1036,#1037,#643,.T.);
#1283=EDGE_CURVE('',#1038,#1037,#121,.T.);
#1284=EDGE_CURVE('',#1039,#1038,#122,.T.);
#1285=EDGE_CURVE('',#1039,#1040,#644,.T.);
#1286=EDGE_CURVE('',#1041,#1040,#123,.T.);
#1287=EDGE_CURVE('',#1041,#1042,#124,.F.);
#1288=EDGE_CURVE('',#1043,#1042,#125,.T.);
#1289=EDGE_CURVE('',#1043,#1044,#645,.T.);
#1290=EDGE_CURVE('',#1045,#1044,#126,.T.);
#1291=EDGE_CURVE('',#1046,#1045,#127,.T.);
#1292=EDGE_CURVE('',#1047,#1046,#128,.T.);
#1293=EDGE_CURVE('',#1047,#1048,#646,.T.);
#1294=EDGE_CURVE('',#1049,#1048,#129,.T.);
#1295=EDGE_CURVE('',#1049,#1050,#647,.T.);
#1296=EDGE_CURVE('',#1051,#1050,#130,.T.);
#1297=EDGE_CURVE('',#1051,#1052,#648,.T.);
#1298=EDGE_CURVE('',#1053,#1052,#131,.T.);
#1299=EDGE_CURVE('',#1053,#1054,#649,.T.);
#1300=EDGE_CURVE('',#1055,#1054,#132,.T.);
#1301=EDGE_CURVE('',#1055,#1056,#650,.T.);
#1302=EDGE_CURVE('',#1018,#1056,#133,.T.);
#1303=EDGE_CURVE('',#1057,#1022,#134,.T.);
#1304=EDGE_CURVE('',#1057,#1023,#651,.T.);
#1305=EDGE_CURVE('',#1021,#1058,#135,.T.);
#1306=EDGE_CURVE('',#1059,#1058,#136,.T.);
#1307=EDGE_CURVE('',#1059,#1057,#137,.T.);
#1308=EDGE_CURVE('',#1056,#1060,#652,.T.);
#1309=EDGE_CURVE('',#1019,#1060,#138,.F.);
#1310=EDGE_CURVE('',#958,#1061,#653,.T.);
#1311=EDGE_CURVE('',#1061,#1062,#139,.T.);
#1312=EDGE_CURVE('',#1062,#959,#654,.T.);
#1313=EDGE_CURVE('',#1063,#1064,#140,.T.);
#1314=EDGE_CURVE('',#1064,#1062,#40,.T.);
#1315=EDGE_CURVE('',#1061,#1063,#41,.T.);
#1316=EDGE_CURVE('',#1025,#1064,#655,.T.);
#1317=EDGE_CURVE('',#1063,#1026,#656,.T.);
#1318=EDGE_CURVE('',#980,#1027,#657,.T.);
#1319=EDGE_CURVE('',#1065,#1062,#141,.T.);
#1320=EDGE_CURVE('',#1066,#1065,#658,.T.);
#1321=EDGE_CURVE('',#1067,#1066,#142,.T.);
#1322=EDGE_CURVE('',#1014,#1067,#659,.T.);
#1323=EDGE_CURVE('',#960,#1013,#660,.T.);
#1324=EDGE_CURVE('',#1012,#961,#661,.T.);
#1325=EDGE_CURVE('',#962,#1011,#662,.T.);
#1326=EDGE_CURVE('',#1002,#1068,#663,.T.);
#1327=EDGE_CURVE('',#1068,#1069,#143,.T.);
#1328=EDGE_CURVE('',#1069,#1003,#664,.T.);
#1329=EDGE_CURVE('',#1069,#1070,#144,.T.);
#1330=EDGE_CURVE('',#1070,#1004,#665,.T.);
#1331=EDGE_CURVE('',#1071,#1070,#666,.T.);
#1332=EDGE_CURVE('',#1072,#1071,#667,.T.);
#1333=EDGE_CURVE('',#1073,#1072,#668,.T.);
#1334=EDGE_CURVE('',#1074,#1073,#145,.T.);
#1335=EDGE_CURVE('',#1075,#1074,#669,.T.);
#1336=EDGE_CURVE('',#1076,#1075,#670,.T.);
#1337=EDGE_CURVE('',#1077,#1076,#671,.T.);
#1338=EDGE_CURVE('',#1078,#1077,#146,.T.);
#1339=EDGE_CURVE('',#1079,#1078,#672,.T.);
#1340=EDGE_CURVE('',#1080,#1079,#147,.T.);
#1341=EDGE_CURVE('',#1005,#1080,#673,.T.);
#1342=EDGE_CURVE('',#995,#1020,#674,.T.);
#1343=EDGE_CURVE('',#1060,#1081,#675,.T.);
#1344=EDGE_CURVE('',#1082,#1081,#148,.T.);
#1345=EDGE_CURVE('',#1082,#1083,#676,.T.);
#1346=EDGE_CURVE('',#1084,#1083,#149,.T.);
#1347=EDGE_CURVE('',#1084,#1085,#677,.T.);
#1348=EDGE_CURVE('',#1086,#1085,#150,.T.);
#1349=EDGE_CURVE('',#1086,#1087,#678,.T.);
#1350=EDGE_CURVE('',#1088,#1087,#151,.T.);
#1351=EDGE_CURVE('',#1088,#1089,#679,.T.);
#1352=EDGE_CURVE('',#1089,#1090,#152,.F.);
#1353=EDGE_CURVE('',#1071,#1090,#153,.T.);
#1354=EDGE_CURVE('',#1068,#1016,#680,.T.);
#1355=EDGE_CURVE('',#963,#1010,#681,.T.);
#1356=EDGE_CURVE('',#964,#1009,#682,.T.);
#1357=EDGE_CURVE('',#1024,#1091,#683,.T.);
#1358=EDGE_CURVE('',#1091,#1064,#154,.T.);
#1359=EDGE_CURVE('',#1091,#1092,#155,.T.);
#1360=EDGE_CURVE('',#1092,#1065,#156,.T.);
#1361=EDGE_CURVE('',#1093,#1066,#157,.T.);
#1362=EDGE_CURVE('',#1092,#1093,#684,.T.);
#1363=EDGE_CURVE('',#1094,#1067,#158,.T.);
#1364=EDGE_CURVE('',#1093,#1094,#159,.T.);
#1365=EDGE_CURVE('',#1094,#1015,#685,.T.);
#1366=EDGE_CURVE('',#1000,#1095,#160,.T.);
#1367=EDGE_CURVE('',#1095,#1096,#161,.T.);
#1368=EDGE_CURVE('',#1096,#994,#162,.T.);
#1369=EDGE_CURVE('',#1058,#1096,#686,.T.);
#1370=EDGE_CURVE('',#1095,#1059,#687,.T.);
#1371=EDGE_CURVE('',#1007,#1097,#688,.T.);
#1372=EDGE_CURVE('',#1097,#1098,#163,.T.);
#1373=EDGE_CURVE('',#1098,#1008,#689,.T.);
#1374=EDGE_CURVE('',#1099,#1100,#164,.T.);
#1375=EDGE_CURVE('',#1100,#1098,#165,.T.);
#1376=EDGE_CURVE('',#1097,#1099,#166,.T.);
#1377=EDGE_CURVE('',#1101,#1102,#167,.T.);
#1378=EDGE_CURVE('',#1102,#1100,#690,.T.);
#1379=EDGE_CURVE('',#1099,#1101,#691,.T.);
#1380=EDGE_CURVE('',#1103,#1104,#168,.T.);
#1381=EDGE_CURVE('',#1104,#1102,#169,.T.);
#1382=EDGE_CURVE('',#1101,#1103,#170,.T.);
#1383=EDGE_CURVE('',#1105,#1106,#171,.T.);
#1384=EDGE_CURVE('',#1106,#1104,#692,.T.);
#1385=EDGE_CURVE('',#1103,#1105,#693,.T.);
#1386=EDGE_CURVE('',#1101,#1107,#694,.T.);
#1387=EDGE_CURVE('',#1108,#1107,#172,.T.);
#1388=EDGE_CURVE('',#1108,#1103,#695,.T.);
#1389=EDGE_CURVE('',#1109,#1099,#696,.T.);
#1390=EDGE_CURVE('',#1107,#1109,#697,.T.);
#1391=EDGE_CURVE('',#1097,#1110,#698,.T.);
#1392=EDGE_CURVE('',#1109,#1110,#173,.T.);
#1393=EDGE_CURVE('',#1110,#1006,#699,.T.);
#1394=EDGE_CURVE('',#1076,#1111,#174,.T.);
#1395=EDGE_CURVE('',#1111,#1108,#700,.T.);
#1396=EDGE_CURVE('',#1108,#1077,#175,.T.);
#1397=EDGE_CURVE('',#1107,#1078,#176,.T.);
#1398=EDGE_CURVE('',#1109,#1079,#177,.T.);
#1399=EDGE_CURVE('',#1110,#1080,#178,.T.);
#1400=EDGE_CURVE('',#1105,#1111,#701,.T.);
#1401=EDGE_CURVE('',#1112,#1075,#179,.T.);
#1402=EDGE_CURVE('',#1112,#1113,#702,.T.);
#1403=EDGE_CURVE('',#1114,#1113,#180,.T.);
#1404=EDGE_CURVE('',#1114,#1106,#703,.T.);
#1405=EDGE_CURVE('',#1113,#1115,#704,.T.);
#1406=EDGE_CURVE('',#1115,#1116,#181,.T.);
#1407=EDGE_CURVE('',#1116,#1114,#705,.T.);
#1408=EDGE_CURVE('',#1117,#1118,#182,.T.);
#1409=EDGE_CURVE('',#1118,#1116,#183,.T.);
#1410=EDGE_CURVE('',#1115,#1117,#184,.T.);
#1411=EDGE_CURVE('',#1119,#1120,#185,.T.);
#1412=EDGE_CURVE('',#1120,#1118,#706,.T.);
#1413=EDGE_CURVE('',#1117,#1119,#707,.T.);
#1414=EDGE_CURVE('',#1121,#1122,#186,.T.);
#1415=EDGE_CURVE('',#1122,#1120,#187,.T.);
#1416=EDGE_CURVE('',#1119,#1121,#188,.T.);
#1417=EDGE_CURVE('',#1123,#1124,#189,.T.);
#1418=EDGE_CURVE('',#1124,#1122,#42,.T.);
#1419=EDGE_CURVE('',#1121,#1123,#43,.T.);
#1420=EDGE_CURVE('',#1042,#1124,#708,.T.);
#1421=EDGE_CURVE('',#1123,#1043,#709,.T.);
#1422=EDGE_CURVE('',#1121,#1125,#710,.T.);
#1423=EDGE_CURVE('',#1126,#1125,#44,.T.);
#1424=EDGE_CURVE('',#1126,#1123,#711,.T.);
#1425=EDGE_CURVE('',#1127,#1117,#712,.T.);
#1426=EDGE_CURVE('',#1128,#1127,#713,.T.);
#1427=EDGE_CURVE('',#1125,#1128,#190,.T.);
#1428=EDGE_CURVE('',#1115,#1129,#714,.T.);
#1429=EDGE_CURVE('',#1127,#1129,#191,.T.);
#1430=EDGE_CURVE('',#1129,#1112,#715,.T.);
#1431=EDGE_CURVE('',#1044,#1126,#716,.T.);
#1432=EDGE_CURVE('',#1126,#1130,#192,.T.);
#1433=EDGE_CURVE('',#1130,#1045,#717,.T.);
#1434=EDGE_CURVE('',#1125,#1131,#193,.T.);
#1435=EDGE_CURVE('',#1131,#1130,#45,.T.);
#1436=EDGE_CURVE('',#1128,#1072,#194,.T.);
#1437=EDGE_CURVE('',#1072,#1131,#195,.T.);
#1438=EDGE_CURVE('',#1127,#1073,#196,.T.);
#1439=EDGE_CURVE('',#1129,#1074,#197,.T.);
#1440=EDGE_CURVE('',#966,#1041,#718,.T.);
#1441=EDGE_CURVE('',#967,#1040,#719,.T.);
#1442=EDGE_CURVE('',#1032,#975,#720,.T.);
#1443=EDGE_CURVE('',#974,#1033,#721,.T.);
#1444=EDGE_CURVE('',#1031,#976,#722,.T.);
#1445=EDGE_CURVE('',#969,#1038,#723,.T.);
#1446=EDGE_CURVE('',#1037,#970,#724,.T.);
#1447=EDGE_CURVE('',#968,#1039,#725,.T.);
#1448=EDGE_CURVE('',#971,#1036,#726,.T.);
#1449=EDGE_CURVE('',#1035,#972,#727,.T.);
#1450=EDGE_CURVE('',#973,#1034,#728,.T.);
#1451=EDGE_CURVE('',#1050,#1086,#729,.T.);
#1452=EDGE_CURVE('',#1085,#1051,#730,.T.);
#1453=EDGE_CURVE('',#1087,#1049,#731,.T.);
#1454=EDGE_CURVE('',#1048,#1088,#732,.T.);
#1455=EDGE_CURVE('',#1046,#1090,#733,.T.);
#1456=EDGE_CURVE('',#1089,#1047,#734,.T.);
#1457=EDGE_CURVE('',#1083,#1053,#735,.T.);
#1458=EDGE_CURVE('',#1084,#1052,#736,.T.);
#1459=EDGE_CURVE('',#1054,#1082,#737,.T.);
#1460=EDGE_CURVE('',#1132,#1133,#198,.T.);
#1461=EDGE_CURVE('',#1134,#1132,#738,.T.);
#1462=EDGE_CURVE('',#1135,#1134,#199,.T.);
#1463=EDGE_CURVE('',#1136,#1135,#739,.T.);
#1464=EDGE_CURVE('',#1137,#1136,#200,.T.);
#1465=EDGE_CURVE('',#1138,#1137,#740,.T.);
#1466=EDGE_CURVE('',#1139,#1138,#201,.T.);
#1467=EDGE_CURVE('',#1133,#1139,#741,.T.);
#1468=EDGE_CURVE('',#1140,#1141,#202,.T.);
#1469=EDGE_CURVE('',#1142,#1140,#742,.T.);
#1470=EDGE_CURVE('',#1143,#1142,#203,.T.);
#1471=EDGE_CURVE('',#1144,#1143,#743,.T.);
#1472=EDGE_CURVE('',#1145,#1144,#204,.T.);
#1473=EDGE_CURVE('',#1146,#1145,#744,.T.);
#1474=EDGE_CURVE('',#1147,#1146,#205,.T.);
#1475=EDGE_CURVE('',#1141,#1147,#745,.T.);
#1476=EDGE_CURVE('',#965,#1120,#746,.T.);
#1477=EDGE_CURVE('',#1148,#1132,#206,.T.);
#1478=EDGE_CURVE('',#1133,#1149,#207,.T.);
#1479=EDGE_CURVE('',#1149,#1148,#208,.T.);
#1480=EDGE_CURVE('',#1139,#1150,#209,.T.);
#1481=EDGE_CURVE('',#1149,#1150,#747,.T.);
#1482=EDGE_CURVE('',#1138,#1151,#210,.T.);
#1483=EDGE_CURVE('',#1151,#1150,#211,.T.);
#1484=EDGE_CURVE('',#1137,#1152,#212,.T.);
#1485=EDGE_CURVE('',#1151,#1152,#748,.T.);
#1486=EDGE_CURVE('',#1136,#1153,#213,.T.);
#1487=EDGE_CURVE('',#1153,#1152,#214,.T.);
#1488=EDGE_CURVE('',#1135,#1154,#215,.T.);
#1489=EDGE_CURVE('',#1153,#1154,#749,.T.);
#1490=EDGE_CURVE('',#1134,#1155,#216,.T.);
#1491=EDGE_CURVE('',#1155,#1154,#217,.T.);
#1492=EDGE_CURVE('',#1155,#1148,#750,.T.);
#1493=EDGE_CURVE('',#1156,#1140,#218,.T.);
#1494=EDGE_CURVE('',#1141,#1157,#219,.T.);
#1495=EDGE_CURVE('',#1157,#1156,#220,.T.);
#1496=EDGE_CURVE('',#1147,#1158,#221,.T.);
#1497=EDGE_CURVE('',#1157,#1158,#751,.T.);
#1498=EDGE_CURVE('',#1146,#1159,#222,.T.);
#1499=EDGE_CURVE('',#1159,#1158,#223,.T.);
#1500=EDGE_CURVE('',#1145,#1160,#224,.T.);
#1501=EDGE_CURVE('',#1159,#1160,#752,.T.);
#1502=EDGE_CURVE('',#1144,#1161,#225,.T.);
#1503=EDGE_CURVE('',#1161,#1160,#226,.T.);
#1504=EDGE_CURVE('',#1143,#1162,#227,.T.);
#1505=EDGE_CURVE('',#1161,#1162,#753,.T.);
#1506=EDGE_CURVE('',#1142,#1163,#228,.T.);
#1507=EDGE_CURVE('',#1163,#1162,#229,.T.);
#1508=EDGE_CURVE('',#1163,#1156,#754,.T.);
#1509=EDGE_CURVE('',#978,#1029,#755,.T.);
#1510=EDGE_CURVE('',#979,#1028,#756,.T.);
#1511=EDGE_CURVE('',#977,#1030,#757,.T.);
#1512=EDGE_CURVE('',#1081,#1055,#758,.T.);
#1513=EDGE_CURVE('',#1091,#1057,#759,.T.);
#1514=EDGE_CURVE('',#1059,#1092,#760,.T.);
#1515=EDGE_CURVE('',#1093,#1095,#761,.T.);
#1516=EDGE_CURVE('',#1000,#1094,#762,.T.);
#1517=ORIENTED_EDGE('',*,*,#1164,.F.);
#1518=ORIENTED_EDGE('',*,*,#1165,.F.);
#1519=ORIENTED_EDGE('',*,*,#1166,.F.);
#1520=ORIENTED_EDGE('',*,*,#1167,.T.);
#1521=ORIENTED_EDGE('',*,*,#1168,.F.);
#1522=ORIENTED_EDGE('',*,*,#1167,.F.);
#1523=ORIENTED_EDGE('',*,*,#1169,.F.);
#1524=ORIENTED_EDGE('',*,*,#1170,.T.);
#1525=ORIENTED_EDGE('',*,*,#1171,.F.);
#1526=ORIENTED_EDGE('',*,*,#1170,.F.);
#1527=ORIENTED_EDGE('',*,*,#1172,.F.);
#1528=ORIENTED_EDGE('',*,*,#1173,.T.);
#1529=ORIENTED_EDGE('',*,*,#1174,.F.);
#1530=ORIENTED_EDGE('',*,*,#1173,.F.);
#1531=ORIENTED_EDGE('',*,*,#1175,.F.);
#1532=ORIENTED_EDGE('',*,*,#1176,.F.);
#1533=ORIENTED_EDGE('',*,*,#1177,.F.);
#1534=ORIENTED_EDGE('',*,*,#1176,.T.);
#1535=ORIENTED_EDGE('',*,*,#1178,.F.);
#1536=ORIENTED_EDGE('',*,*,#1179,.T.);
#1537=ORIENTED_EDGE('',*,*,#1180,.F.);
#1538=ORIENTED_EDGE('',*,*,#1179,.F.);
#1539=ORIENTED_EDGE('',*,*,#1181,.F.);
#1540=ORIENTED_EDGE('',*,*,#1182,.T.);
#1541=ORIENTED_EDGE('',*,*,#1183,.F.);
#1542=ORIENTED_EDGE('',*,*,#1182,.F.);
#1543=ORIENTED_EDGE('',*,*,#1184,.F.);
#1544=ORIENTED_EDGE('',*,*,#1185,.T.);
#1545=ORIENTED_EDGE('',*,*,#1186,.F.);
#1546=ORIENTED_EDGE('',*,*,#1185,.F.);
#1547=ORIENTED_EDGE('',*,*,#1187,.F.);
#1548=ORIENTED_EDGE('',*,*,#1165,.T.);
#1549=ORIENTED_EDGE('',*,*,#1188,.F.);
#1550=ORIENTED_EDGE('',*,*,#1189,.T.);
#1551=ORIENTED_EDGE('',*,*,#1190,.F.);
#1552=ORIENTED_EDGE('',*,*,#1189,.F.);
#1553=ORIENTED_EDGE('',*,*,#1191,.F.);
#1554=ORIENTED_EDGE('',*,*,#1192,.T.);
#1555=ORIENTED_EDGE('',*,*,#1193,.F.);
#1556=ORIENTED_EDGE('',*,*,#1192,.F.);
#1557=ORIENTED_EDGE('',*,*,#1191,.T.);
#1558=ORIENTED_EDGE('',*,*,#1188,.T.);
#1559=ORIENTED_EDGE('',*,*,#1194,.T.);
#1560=ORIENTED_EDGE('',*,*,#1195,.F.);
#1561=ORIENTED_EDGE('',*,*,#1196,.T.);
#1562=ORIENTED_EDGE('',*,*,#1197,.F.);
#1563=ORIENTED_EDGE('',*,*,#1198,.F.);
#1564=ORIENTED_EDGE('',*,*,#1199,.T.);
#1565=ORIENTED_EDGE('',*,*,#1200,.F.);
#1566=ORIENTED_EDGE('',*,*,#1201,.T.);
#1567=ORIENTED_EDGE('',*,*,#1202,.T.);
#1568=ORIENTED_EDGE('',*,*,#1203,.F.);
#1569=ORIENTED_EDGE('',*,*,#1204,.T.);
#1570=ORIENTED_EDGE('',*,*,#1205,.T.);
#1571=ORIENTED_EDGE('',*,*,#1206,.F.);
#1572=ORIENTED_EDGE('',*,*,#1207,.T.);
#1573=ORIENTED_EDGE('',*,*,#1208,.T.);
#1574=ORIENTED_EDGE('',*,*,#1209,.F.);
#1575=ORIENTED_EDGE('',*,*,#1210,.F.);
#1576=ORIENTED_EDGE('',*,*,#1211,.T.);
#1577=ORIENTED_EDGE('',*,*,#1212,.F.);
#1578=ORIENTED_EDGE('',*,*,#1213,.T.);
#1579=ORIENTED_EDGE('',*,*,#1214,.T.);
#1580=ORIENTED_EDGE('',*,*,#1215,.F.);
#1581=ORIENTED_EDGE('',*,*,#1216,.F.);
#1582=ORIENTED_EDGE('',*,*,#1177,.T.);
#1583=ORIENTED_EDGE('',*,*,#1180,.T.);
#1584=ORIENTED_EDGE('',*,*,#1183,.T.);
#1585=ORIENTED_EDGE('',*,*,#1186,.T.);
#1586=ORIENTED_EDGE('',*,*,#1164,.T.);
#1587=ORIENTED_EDGE('',*,*,#1168,.T.);
#1588=ORIENTED_EDGE('',*,*,#1171,.T.);
#1589=ORIENTED_EDGE('',*,*,#1174,.T.);
#1590=ORIENTED_EDGE('',*,*,#1217,.T.);
#1591=ORIENTED_EDGE('',*,*,#1218,.T.);
#1592=ORIENTED_EDGE('',*,*,#1219,.T.);
#1593=ORIENTED_EDGE('',*,*,#1193,.T.);
#1594=ORIENTED_EDGE('',*,*,#1220,.F.);
#1595=ORIENTED_EDGE('',*,*,#1221,.T.);
#1596=ORIENTED_EDGE('',*,*,#1222,.F.);
#1597=ORIENTED_EDGE('',*,*,#1221,.F.);
#1598=ORIENTED_EDGE('',*,*,#1223,.F.);
#1599=ORIENTED_EDGE('',*,*,#1224,.T.);
#1600=ORIENTED_EDGE('',*,*,#1217,.F.);
#1601=ORIENTED_EDGE('',*,*,#1224,.F.);
#1602=ORIENTED_EDGE('',*,*,#1223,.T.);
#1603=ORIENTED_EDGE('',*,*,#1220,.T.);
#1604=ORIENTED_EDGE('',*,*,#1190,.T.);
#1605=ORIENTED_EDGE('',*,*,#1225,.F.);
#1606=ORIENTED_EDGE('',*,*,#1226,.T.);
#1607=ORIENTED_EDGE('',*,*,#1227,.F.);
#1608=ORIENTED_EDGE('',*,*,#1226,.F.);
#1609=ORIENTED_EDGE('',*,*,#1228,.F.);
#1610=ORIENTED_EDGE('',*,*,#1229,.T.);
#1611=ORIENTED_EDGE('',*,*,#1219,.F.);
#1612=ORIENTED_EDGE('',*,*,#1229,.F.);
#1613=ORIENTED_EDGE('',*,*,#1228,.T.);
#1614=ORIENTED_EDGE('',*,*,#1225,.T.);
#1615=ORIENTED_EDGE('',*,*,#1222,.T.);
#1616=ORIENTED_EDGE('',*,*,#1230,.F.);
#1617=ORIENTED_EDGE('',*,*,#1231,.T.);
#1618=ORIENTED_EDGE('',*,*,#1232,.F.);
#1619=ORIENTED_EDGE('',*,*,#1231,.F.);
#1620=ORIENTED_EDGE('',*,*,#1233,.F.);
#1621=ORIENTED_EDGE('',*,*,#1234,.T.);
#1622=ORIENTED_EDGE('',*,*,#1218,.F.);
#1623=ORIENTED_EDGE('',*,*,#1234,.F.);
#1624=ORIENTED_EDGE('',*,*,#1233,.T.);
#1625=ORIENTED_EDGE('',*,*,#1230,.T.);
#1626=ORIENTED_EDGE('',*,*,#1227,.T.);
#1627=ORIENTED_EDGE('',*,*,#1235,.T.);
#1628=ORIENTED_EDGE('',*,*,#1236,.T.);
#1629=ORIENTED_EDGE('',*,*,#1237,.T.);
#1630=ORIENTED_EDGE('',*,*,#1238,.T.);
#1631=ORIENTED_EDGE('',*,*,#1239,.T.);
#1632=ORIENTED_EDGE('',*,*,#1240,.T.);
#1633=ORIENTED_EDGE('',*,*,#1240,.F.);
#1634=ORIENTED_EDGE('',*,*,#1241,.T.);
#1635=ORIENTED_EDGE('',*,*,#1242,.T.);
#1636=ORIENTED_EDGE('',*,*,#1243,.T.);
#1637=ORIENTED_EDGE('',*,*,#1239,.F.);
#1638=ORIENTED_EDGE('',*,*,#1244,.F.);
#1639=ORIENTED_EDGE('',*,*,#1245,.T.);
#1640=ORIENTED_EDGE('',*,*,#1246,.F.);
#1641=ORIENTED_EDGE('',*,*,#1247,.F.);
#1642=ORIENTED_EDGE('',*,*,#1248,.T.);
#1643=ORIENTED_EDGE('',*,*,#1249,.F.);
#1644=ORIENTED_EDGE('',*,*,#1250,.T.);
#1645=ORIENTED_EDGE('',*,*,#1251,.F.);
#1646=ORIENTED_EDGE('',*,*,#1252,.T.);
#1647=ORIENTED_EDGE('',*,*,#1253,.F.);
#1648=ORIENTED_EDGE('',*,*,#1254,.T.);
#1649=ORIENTED_EDGE('',*,*,#1255,.T.);
#1650=ORIENTED_EDGE('',*,*,#1256,.F.);
#1651=ORIENTED_EDGE('',*,*,#1257,.T.);
#1652=ORIENTED_EDGE('',*,*,#1258,.F.);
#1653=ORIENTED_EDGE('',*,*,#1259,.T.);
#1654=ORIENTED_EDGE('',*,*,#1241,.F.);
#1655=ORIENTED_EDGE('',*,*,#1238,.F.);
#1656=ORIENTED_EDGE('',*,*,#1260,.F.);
#1657=ORIENTED_EDGE('',*,*,#1261,.T.);
#1658=ORIENTED_EDGE('',*,*,#1244,.T.);
#1659=ORIENTED_EDGE('',*,*,#1262,.T.);
#1660=ORIENTED_EDGE('',*,*,#1263,.T.);
#1661=ORIENTED_EDGE('',*,*,#1264,.T.);
#1662=ORIENTED_EDGE('',*,*,#1265,.T.);
#1663=ORIENTED_EDGE('',*,*,#1266,.T.);
#1664=ORIENTED_EDGE('',*,*,#1267,.T.);
#1665=ORIENTED_EDGE('',*,*,#1262,.F.);
#1666=ORIENTED_EDGE('',*,*,#1268,.F.);
#1667=ORIENTED_EDGE('',*,*,#1269,.T.);
#1668=ORIENTED_EDGE('',*,*,#1270,.F.);
#1669=ORIENTED_EDGE('',*,*,#1271,.T.);
#1670=ORIENTED_EDGE('',*,*,#1272,.T.);
#1671=ORIENTED_EDGE('',*,*,#1273,.T.);
#1672=ORIENTED_EDGE('',*,*,#1274,.F.);
#1673=ORIENTED_EDGE('',*,*,#1275,.F.);
#1674=ORIENTED_EDGE('',*,*,#1276,.T.);
#1675=ORIENTED_EDGE('',*,*,#1277,.F.);
#1676=ORIENTED_EDGE('',*,*,#1278,.F.);
#1677=ORIENTED_EDGE('',*,*,#1279,.T.);
#1678=ORIENTED_EDGE('',*,*,#1280,.F.);
#1679=ORIENTED_EDGE('',*,*,#1281,.F.);
#1680=ORIENTED_EDGE('',*,*,#1282,.T.);
#1681=ORIENTED_EDGE('',*,*,#1283,.F.);
#1682=ORIENTED_EDGE('',*,*,#1284,.F.);
#1683=ORIENTED_EDGE('',*,*,#1285,.T.);
#1684=ORIENTED_EDGE('',*,*,#1286,.F.);
#1685=ORIENTED_EDGE('',*,*,#1287,.T.);
#1686=ORIENTED_EDGE('',*,*,#1288,.F.);
#1687=ORIENTED_EDGE('',*,*,#1289,.T.);
#1688=ORIENTED_EDGE('',*,*,#1290,.F.);
#1689=ORIENTED_EDGE('',*,*,#1291,.F.);
#1690=ORIENTED_EDGE('',*,*,#1292,.F.);
#1691=ORIENTED_EDGE('',*,*,#1293,.T.);
#1692=ORIENTED_EDGE('',*,*,#1294,.F.);
#1693=ORIENTED_EDGE('',*,*,#1295,.T.);
#1694=ORIENTED_EDGE('',*,*,#1296,.F.);
#1695=ORIENTED_EDGE('',*,*,#1297,.T.);
#1696=ORIENTED_EDGE('',*,*,#1298,.F.);
#1697=ORIENTED_EDGE('',*,*,#1299,.T.);
#1698=ORIENTED_EDGE('',*,*,#1300,.F.);
#1699=ORIENTED_EDGE('',*,*,#1301,.T.);
#1700=ORIENTED_EDGE('',*,*,#1302,.F.);
#1701=ORIENTED_EDGE('',*,*,#1267,.F.);
#1702=ORIENTED_EDGE('',*,*,#1303,.F.);
#1703=ORIENTED_EDGE('',*,*,#1304,.T.);
#1704=ORIENTED_EDGE('',*,*,#1268,.T.);
#1705=ORIENTED_EDGE('',*,*,#1266,.F.);
#1706=ORIENTED_EDGE('',*,*,#1305,.T.);
#1707=ORIENTED_EDGE('',*,*,#1306,.F.);
#1708=ORIENTED_EDGE('',*,*,#1307,.T.);
#1709=ORIENTED_EDGE('',*,*,#1303,.T.);
#1710=ORIENTED_EDGE('',*,*,#1263,.F.);
#1711=ORIENTED_EDGE('',*,*,#1302,.T.);
#1712=ORIENTED_EDGE('',*,*,#1308,.T.);
#1713=ORIENTED_EDGE('',*,*,#1309,.F.);
#1714=ORIENTED_EDGE('',*,*,#1194,.F.);
#1715=ORIENTED_EDGE('',*,*,#1310,.T.);
#1716=ORIENTED_EDGE('',*,*,#1311,.T.);
#1717=ORIENTED_EDGE('',*,*,#1312,.T.);
#1718=ORIENTED_EDGE('',*,*,#1313,.T.);
#1719=ORIENTED_EDGE('',*,*,#1314,.T.);
#1720=ORIENTED_EDGE('',*,*,#1311,.F.);
#1721=ORIENTED_EDGE('',*,*,#1315,.T.);
#1722=ORIENTED_EDGE('',*,*,#1271,.F.);
#1723=ORIENTED_EDGE('',*,*,#1316,.T.);
#1724=ORIENTED_EDGE('',*,*,#1313,.F.);
#1725=ORIENTED_EDGE('',*,*,#1317,.T.);
#1726=ORIENTED_EDGE('',*,*,#1317,.F.);
#1727=ORIENTED_EDGE('',*,*,#1315,.F.);
#1728=ORIENTED_EDGE('',*,*,#1310,.F.);
#1729=ORIENTED_EDGE('',*,*,#1216,.T.);
#1730=ORIENTED_EDGE('',*,*,#1318,.T.);
#1731=ORIENTED_EDGE('',*,*,#1272,.F.);
#1732=ORIENTED_EDGE('',*,*,#1232,.T.);
#1733=ORIENTED_EDGE('',*,*,#1312,.F.);
#1734=ORIENTED_EDGE('',*,*,#1319,.F.);
#1735=ORIENTED_EDGE('',*,*,#1320,.F.);
#1736=ORIENTED_EDGE('',*,*,#1321,.F.);
#1737=ORIENTED_EDGE('',*,*,#1322,.F.);
#1738=ORIENTED_EDGE('',*,*,#1257,.F.);
#1739=ORIENTED_EDGE('',*,*,#1323,.F.);
#1740=ORIENTED_EDGE('',*,*,#1195,.T.);
#1741=ORIENTED_EDGE('',*,*,#1196,.F.);
#1742=ORIENTED_EDGE('',*,*,#1323,.T.);
#1743=ORIENTED_EDGE('',*,*,#1256,.T.);
#1744=ORIENTED_EDGE('',*,*,#1324,.T.);
#1745=ORIENTED_EDGE('',*,*,#1324,.F.);
#1746=ORIENTED_EDGE('',*,*,#1255,.F.);
#1747=ORIENTED_EDGE('',*,*,#1325,.F.);
#1748=ORIENTED_EDGE('',*,*,#1197,.T.);
#1749=ORIENTED_EDGE('',*,*,#1246,.T.);
#1750=ORIENTED_EDGE('',*,*,#1326,.T.);
#1751=ORIENTED_EDGE('',*,*,#1327,.T.);
#1752=ORIENTED_EDGE('',*,*,#1328,.T.);
#1753=ORIENTED_EDGE('',*,*,#1328,.F.);
#1754=ORIENTED_EDGE('',*,*,#1329,.T.);
#1755=ORIENTED_EDGE('',*,*,#1330,.T.);
#1756=ORIENTED_EDGE('',*,*,#1247,.T.);
#1757=ORIENTED_EDGE('',*,*,#1330,.F.);
#1758=ORIENTED_EDGE('',*,*,#1331,.F.);
#1759=ORIENTED_EDGE('',*,*,#1332,.F.);
#1760=ORIENTED_EDGE('',*,*,#1333,.F.);
#1761=ORIENTED_EDGE('',*,*,#1334,.F.);
#1762=ORIENTED_EDGE('',*,*,#1335,.F.);
#1763=ORIENTED_EDGE('',*,*,#1336,.F.);
#1764=ORIENTED_EDGE('',*,*,#1337,.F.);
#1765=ORIENTED_EDGE('',*,*,#1338,.F.);
#1766=ORIENTED_EDGE('',*,*,#1339,.F.);
#1767=ORIENTED_EDGE('',*,*,#1340,.F.);
#1768=ORIENTED_EDGE('',*,*,#1341,.F.);
#1769=ORIENTED_EDGE('',*,*,#1248,.F.);
#1770=ORIENTED_EDGE('',*,*,#1237,.F.);
#1771=ORIENTED_EDGE('',*,*,#1342,.T.);
#1772=ORIENTED_EDGE('',*,*,#1264,.F.);
#1773=ORIENTED_EDGE('',*,*,#1309,.T.);
#1774=ORIENTED_EDGE('',*,*,#1343,.T.);
#1775=ORIENTED_EDGE('',*,*,#1344,.F.);
#1776=ORIENTED_EDGE('',*,*,#1345,.T.);
#1777=ORIENTED_EDGE('',*,*,#1346,.F.);
#1778=ORIENTED_EDGE('',*,*,#1347,.T.);
#1779=ORIENTED_EDGE('',*,*,#1348,.F.);
#1780=ORIENTED_EDGE('',*,*,#1349,.T.);
#1781=ORIENTED_EDGE('',*,*,#1350,.F.);
#1782=ORIENTED_EDGE('',*,*,#1351,.T.);
#1783=ORIENTED_EDGE('',*,*,#1352,.T.);
#1784=ORIENTED_EDGE('',*,*,#1353,.F.);
#1785=ORIENTED_EDGE('',*,*,#1331,.T.);
#1786=ORIENTED_EDGE('',*,*,#1329,.F.);
#1787=ORIENTED_EDGE('',*,*,#1327,.F.);
#1788=ORIENTED_EDGE('',*,*,#1354,.T.);
#1789=ORIENTED_EDGE('',*,*,#1260,.T.);
#1790=ORIENTED_EDGE('',*,*,#1178,.T.);
#1791=ORIENTED_EDGE('',*,*,#1175,.T.);
#1792=ORIENTED_EDGE('',*,*,#1172,.T.);
#1793=ORIENTED_EDGE('',*,*,#1169,.T.);
#1794=ORIENTED_EDGE('',*,*,#1166,.T.);
#1795=ORIENTED_EDGE('',*,*,#1187,.T.);
#1796=ORIENTED_EDGE('',*,*,#1184,.T.);
#1797=ORIENTED_EDGE('',*,*,#1181,.T.);
#1798=ORIENTED_EDGE('',*,*,#1199,.F.);
#1799=ORIENTED_EDGE('',*,*,#1355,.T.);
#1800=ORIENTED_EDGE('',*,*,#1253,.T.);
#1801=ORIENTED_EDGE('',*,*,#1356,.F.);
#1802=ORIENTED_EDGE('',*,*,#1316,.F.);
#1803=ORIENTED_EDGE('',*,*,#1270,.T.);
#1804=ORIENTED_EDGE('',*,*,#1357,.T.);
#1805=ORIENTED_EDGE('',*,*,#1358,.T.);
#1806=ORIENTED_EDGE('',*,*,#1314,.F.);
#1807=ORIENTED_EDGE('',*,*,#1358,.F.);
#1808=ORIENTED_EDGE('',*,*,#1359,.T.);
#1809=ORIENTED_EDGE('',*,*,#1360,.T.);
#1810=ORIENTED_EDGE('',*,*,#1319,.T.);
#1811=ORIENTED_EDGE('',*,*,#1361,.T.);
#1812=ORIENTED_EDGE('',*,*,#1320,.T.);
#1813=ORIENTED_EDGE('',*,*,#1360,.F.);
#1814=ORIENTED_EDGE('',*,*,#1362,.T.);
#1815=ORIENTED_EDGE('',*,*,#1363,.T.);
#1816=ORIENTED_EDGE('',*,*,#1321,.T.);
#1817=ORIENTED_EDGE('',*,*,#1361,.F.);
#1818=ORIENTED_EDGE('',*,*,#1364,.T.);
#1819=ORIENTED_EDGE('',*,*,#1258,.T.);
#1820=ORIENTED_EDGE('',*,*,#1322,.T.);
#1821=ORIENTED_EDGE('',*,*,#1363,.F.);
#1822=ORIENTED_EDGE('',*,*,#1365,.T.);
#1823=ORIENTED_EDGE('',*,*,#1235,.F.);
#1824=ORIENTED_EDGE('',*,*,#1243,.F.);
#1825=ORIENTED_EDGE('',*,*,#1366,.T.);
#1826=ORIENTED_EDGE('',*,*,#1367,.T.);
#1827=ORIENTED_EDGE('',*,*,#1368,.T.);
#1828=ORIENTED_EDGE('',*,*,#1306,.T.);
#1829=ORIENTED_EDGE('',*,*,#1369,.T.);
#1830=ORIENTED_EDGE('',*,*,#1367,.F.);
#1831=ORIENTED_EDGE('',*,*,#1370,.T.);
#1832=ORIENTED_EDGE('',*,*,#1236,.F.);
#1833=ORIENTED_EDGE('',*,*,#1368,.F.);
#1834=ORIENTED_EDGE('',*,*,#1369,.F.);
#1835=ORIENTED_EDGE('',*,*,#1305,.F.);
#1836=ORIENTED_EDGE('',*,*,#1265,.F.);
#1837=ORIENTED_EDGE('',*,*,#1342,.F.);
#1838=ORIENTED_EDGE('',*,*,#1251,.T.);
#1839=ORIENTED_EDGE('',*,*,#1371,.T.);
#1840=ORIENTED_EDGE('',*,*,#1372,.T.);
#1841=ORIENTED_EDGE('',*,*,#1373,.T.);
#1842=ORIENTED_EDGE('',*,*,#1374,.T.);
#1843=ORIENTED_EDGE('',*,*,#1375,.T.);
#1844=ORIENTED_EDGE('',*,*,#1372,.F.);
#1845=ORIENTED_EDGE('',*,*,#1376,.T.);
#1846=ORIENTED_EDGE('',*,*,#1377,.T.);
#1847=ORIENTED_EDGE('',*,*,#1378,.T.);
#1848=ORIENTED_EDGE('',*,*,#1374,.F.);
#1849=ORIENTED_EDGE('',*,*,#1379,.T.);
#1850=ORIENTED_EDGE('',*,*,#1380,.T.);
#1851=ORIENTED_EDGE('',*,*,#1381,.T.);
#1852=ORIENTED_EDGE('',*,*,#1377,.F.);
#1853=ORIENTED_EDGE('',*,*,#1382,.T.);
#1854=ORIENTED_EDGE('',*,*,#1383,.T.);
#1855=ORIENTED_EDGE('',*,*,#1384,.T.);
#1856=ORIENTED_EDGE('',*,*,#1380,.F.);
#1857=ORIENTED_EDGE('',*,*,#1385,.T.);
#1858=ORIENTED_EDGE('',*,*,#1382,.F.);
#1859=ORIENTED_EDGE('',*,*,#1386,.T.);
#1860=ORIENTED_EDGE('',*,*,#1387,.F.);
#1861=ORIENTED_EDGE('',*,*,#1388,.T.);
#1862=ORIENTED_EDGE('',*,*,#1379,.F.);
#1863=ORIENTED_EDGE('',*,*,#1389,.F.);
#1864=ORIENTED_EDGE('',*,*,#1390,.F.);
#1865=ORIENTED_EDGE('',*,*,#1386,.F.);
#1866=ORIENTED_EDGE('',*,*,#1376,.F.);
#1867=ORIENTED_EDGE('',*,*,#1391,.T.);
#1868=ORIENTED_EDGE('',*,*,#1392,.F.);
#1869=ORIENTED_EDGE('',*,*,#1389,.T.);
#1870=ORIENTED_EDGE('',*,*,#1371,.F.);
#1871=ORIENTED_EDGE('',*,*,#1250,.F.);
#1872=ORIENTED_EDGE('',*,*,#1393,.F.);
#1873=ORIENTED_EDGE('',*,*,#1391,.F.);
#1874=ORIENTED_EDGE('',*,*,#1394,.T.);
#1875=ORIENTED_EDGE('',*,*,#1395,.T.);
#1876=ORIENTED_EDGE('',*,*,#1396,.T.);
#1877=ORIENTED_EDGE('',*,*,#1337,.T.);
#1878=ORIENTED_EDGE('',*,*,#1397,.T.);
#1879=ORIENTED_EDGE('',*,*,#1338,.T.);
#1880=ORIENTED_EDGE('',*,*,#1396,.F.);
#1881=ORIENTED_EDGE('',*,*,#1387,.T.);
#1882=ORIENTED_EDGE('',*,*,#1398,.T.);
#1883=ORIENTED_EDGE('',*,*,#1339,.T.);
#1884=ORIENTED_EDGE('',*,*,#1397,.F.);
#1885=ORIENTED_EDGE('',*,*,#1390,.T.);
#1886=ORIENTED_EDGE('',*,*,#1399,.T.);
#1887=ORIENTED_EDGE('',*,*,#1340,.T.);
#1888=ORIENTED_EDGE('',*,*,#1398,.F.);
#1889=ORIENTED_EDGE('',*,*,#1392,.T.);
#1890=ORIENTED_EDGE('',*,*,#1249,.T.);
#1891=ORIENTED_EDGE('',*,*,#1341,.T.);
#1892=ORIENTED_EDGE('',*,*,#1399,.F.);
#1893=ORIENTED_EDGE('',*,*,#1393,.T.);
#1894=ORIENTED_EDGE('',*,*,#1385,.F.);
#1895=ORIENTED_EDGE('',*,*,#1388,.F.);
#1896=ORIENTED_EDGE('',*,*,#1395,.F.);
#1897=ORIENTED_EDGE('',*,*,#1400,.F.);
#1898=ORIENTED_EDGE('',*,*,#1383,.F.);
#1899=ORIENTED_EDGE('',*,*,#1400,.T.);
#1900=ORIENTED_EDGE('',*,*,#1394,.F.);
#1901=ORIENTED_EDGE('',*,*,#1336,.T.);
#1902=ORIENTED_EDGE('',*,*,#1401,.F.);
#1903=ORIENTED_EDGE('',*,*,#1402,.T.);
#1904=ORIENTED_EDGE('',*,*,#1403,.F.);
#1905=ORIENTED_EDGE('',*,*,#1404,.T.);
#1906=ORIENTED_EDGE('',*,*,#1403,.T.);
#1907=ORIENTED_EDGE('',*,*,#1405,.T.);
#1908=ORIENTED_EDGE('',*,*,#1406,.T.);
#1909=ORIENTED_EDGE('',*,*,#1407,.T.);
#1910=ORIENTED_EDGE('',*,*,#1408,.T.);
#1911=ORIENTED_EDGE('',*,*,#1409,.T.);
#1912=ORIENTED_EDGE('',*,*,#1406,.F.);
#1913=ORIENTED_EDGE('',*,*,#1410,.T.);
#1914=ORIENTED_EDGE('',*,*,#1411,.T.);
#1915=ORIENTED_EDGE('',*,*,#1412,.T.);
#1916=ORIENTED_EDGE('',*,*,#1408,.F.);
#1917=ORIENTED_EDGE('',*,*,#1413,.T.);
#1918=ORIENTED_EDGE('',*,*,#1414,.T.);
#1919=ORIENTED_EDGE('',*,*,#1415,.T.);
#1920=ORIENTED_EDGE('',*,*,#1411,.F.);
#1921=ORIENTED_EDGE('',*,*,#1416,.T.);
#1922=ORIENTED_EDGE('',*,*,#1417,.T.);
#1923=ORIENTED_EDGE('',*,*,#1418,.T.);
#1924=ORIENTED_EDGE('',*,*,#1414,.F.);
#1925=ORIENTED_EDGE('',*,*,#1419,.T.);
#1926=ORIENTED_EDGE('',*,*,#1288,.T.);
#1927=ORIENTED_EDGE('',*,*,#1420,.T.);
#1928=ORIENTED_EDGE('',*,*,#1417,.F.);
#1929=ORIENTED_EDGE('',*,*,#1421,.T.);
#1930=ORIENTED_EDGE('',*,*,#1419,.F.);
#1931=ORIENTED_EDGE('',*,*,#1422,.T.);
#1932=ORIENTED_EDGE('',*,*,#1423,.F.);
#1933=ORIENTED_EDGE('',*,*,#1424,.T.);
#1934=ORIENTED_EDGE('',*,*,#1416,.F.);
#1935=ORIENTED_EDGE('',*,*,#1413,.F.);
#1936=ORIENTED_EDGE('',*,*,#1425,.F.);
#1937=ORIENTED_EDGE('',*,*,#1426,.F.);
#1938=ORIENTED_EDGE('',*,*,#1427,.F.);
#1939=ORIENTED_EDGE('',*,*,#1422,.F.);
#1940=ORIENTED_EDGE('',*,*,#1410,.F.);
#1941=ORIENTED_EDGE('',*,*,#1428,.T.);
#1942=ORIENTED_EDGE('',*,*,#1429,.F.);
#1943=ORIENTED_EDGE('',*,*,#1425,.T.);
#1944=ORIENTED_EDGE('',*,*,#1405,.F.);
#1945=ORIENTED_EDGE('',*,*,#1402,.F.);
#1946=ORIENTED_EDGE('',*,*,#1430,.F.);
#1947=ORIENTED_EDGE('',*,*,#1428,.F.);
#1948=ORIENTED_EDGE('',*,*,#1290,.T.);
#1949=ORIENTED_EDGE('',*,*,#1431,.T.);
#1950=ORIENTED_EDGE('',*,*,#1432,.T.);
#1951=ORIENTED_EDGE('',*,*,#1433,.T.);
#1952=ORIENTED_EDGE('',*,*,#1434,.T.);
#1953=ORIENTED_EDGE('',*,*,#1435,.T.);
#1954=ORIENTED_EDGE('',*,*,#1432,.F.);
#1955=ORIENTED_EDGE('',*,*,#1423,.T.);
#1956=ORIENTED_EDGE('',*,*,#1436,.T.);
#1957=ORIENTED_EDGE('',*,*,#1437,.T.);
#1958=ORIENTED_EDGE('',*,*,#1434,.F.);
#1959=ORIENTED_EDGE('',*,*,#1427,.T.);
#1960=ORIENTED_EDGE('',*,*,#1438,.T.);
#1961=ORIENTED_EDGE('',*,*,#1333,.T.);
#1962=ORIENTED_EDGE('',*,*,#1436,.F.);
#1963=ORIENTED_EDGE('',*,*,#1426,.T.);
#1964=ORIENTED_EDGE('',*,*,#1439,.T.);
#1965=ORIENTED_EDGE('',*,*,#1334,.T.);
#1966=ORIENTED_EDGE('',*,*,#1438,.F.);
#1967=ORIENTED_EDGE('',*,*,#1429,.T.);
#1968=ORIENTED_EDGE('',*,*,#1401,.T.);
#1969=ORIENTED_EDGE('',*,*,#1335,.T.);
#1970=ORIENTED_EDGE('',*,*,#1439,.F.);
#1971=ORIENTED_EDGE('',*,*,#1430,.T.);
#1972=ORIENTED_EDGE('',*,*,#1421,.F.);
#1973=ORIENTED_EDGE('',*,*,#1424,.F.);
#1974=ORIENTED_EDGE('',*,*,#1431,.F.);
#1975=ORIENTED_EDGE('',*,*,#1289,.F.);
#1976=ORIENTED_EDGE('',*,*,#1202,.F.);
#1977=ORIENTED_EDGE('',*,*,#1440,.T.);
#1978=ORIENTED_EDGE('',*,*,#1286,.T.);
#1979=ORIENTED_EDGE('',*,*,#1441,.F.);
#1980=ORIENTED_EDGE('',*,*,#1278,.T.);
#1981=ORIENTED_EDGE('',*,*,#1442,.T.);
#1982=ORIENTED_EDGE('',*,*,#1210,.T.);
#1983=ORIENTED_EDGE('',*,*,#1443,.T.);
#1984=ORIENTED_EDGE('',*,*,#1442,.F.);
#1985=ORIENTED_EDGE('',*,*,#1277,.T.);
#1986=ORIENTED_EDGE('',*,*,#1444,.T.);
#1987=ORIENTED_EDGE('',*,*,#1211,.F.);
#1988=ORIENTED_EDGE('',*,*,#1205,.F.);
#1989=ORIENTED_EDGE('',*,*,#1445,.T.);
#1990=ORIENTED_EDGE('',*,*,#1283,.T.);
#1991=ORIENTED_EDGE('',*,*,#1446,.T.);
#1992=ORIENTED_EDGE('',*,*,#1445,.F.);
#1993=ORIENTED_EDGE('',*,*,#1204,.F.);
#1994=ORIENTED_EDGE('',*,*,#1447,.T.);
#1995=ORIENTED_EDGE('',*,*,#1284,.T.);
#1996=ORIENTED_EDGE('',*,*,#1207,.F.);
#1997=ORIENTED_EDGE('',*,*,#1448,.T.);
#1998=ORIENTED_EDGE('',*,*,#1281,.T.);
#1999=ORIENTED_EDGE('',*,*,#1449,.T.);
#2000=ORIENTED_EDGE('',*,*,#1449,.F.);
#2001=ORIENTED_EDGE('',*,*,#1280,.T.);
#2002=ORIENTED_EDGE('',*,*,#1450,.F.);
#2003=ORIENTED_EDGE('',*,*,#1208,.F.);
#2004=ORIENTED_EDGE('',*,*,#1296,.T.);
#2005=ORIENTED_EDGE('',*,*,#1451,.T.);
#2006=ORIENTED_EDGE('',*,*,#1348,.T.);
#2007=ORIENTED_EDGE('',*,*,#1452,.T.);
#2008=ORIENTED_EDGE('',*,*,#1350,.T.);
#2009=ORIENTED_EDGE('',*,*,#1453,.T.);
#2010=ORIENTED_EDGE('',*,*,#1294,.T.);
#2011=ORIENTED_EDGE('',*,*,#1454,.T.);
#2012=ORIENTED_EDGE('',*,*,#1292,.T.);
#2013=ORIENTED_EDGE('',*,*,#1455,.T.);
#2014=ORIENTED_EDGE('',*,*,#1352,.F.);
#2015=ORIENTED_EDGE('',*,*,#1456,.T.);
#2016=ORIENTED_EDGE('',*,*,#1437,.F.);
#2017=ORIENTED_EDGE('',*,*,#1332,.T.);
#2018=ORIENTED_EDGE('',*,*,#1353,.T.);
#2019=ORIENTED_EDGE('',*,*,#1455,.F.);
#2020=ORIENTED_EDGE('',*,*,#1291,.T.);
#2021=ORIENTED_EDGE('',*,*,#1433,.F.);
#2022=ORIENTED_EDGE('',*,*,#1435,.F.);
#2023=ORIENTED_EDGE('',*,*,#1346,.T.);
#2024=ORIENTED_EDGE('',*,*,#1457,.T.);
#2025=ORIENTED_EDGE('',*,*,#1298,.T.);
#2026=ORIENTED_EDGE('',*,*,#1458,.F.);
#2027=ORIENTED_EDGE('',*,*,#1457,.F.);
#2028=ORIENTED_EDGE('',*,*,#1345,.F.);
#2029=ORIENTED_EDGE('',*,*,#1459,.F.);
#2030=ORIENTED_EDGE('',*,*,#1299,.F.);
#2031=ORIENTED_EDGE('',*,*,#1460,.F.);
#2032=ORIENTED_EDGE('',*,*,#1461,.F.);
#2033=ORIENTED_EDGE('',*,*,#1462,.F.);
#2034=ORIENTED_EDGE('',*,*,#1463,.F.);
#2035=ORIENTED_EDGE('',*,*,#1464,.F.);
#2036=ORIENTED_EDGE('',*,*,#1465,.F.);
#2037=ORIENTED_EDGE('',*,*,#1466,.F.);
#2038=ORIENTED_EDGE('',*,*,#1467,.F.);
#2039=ORIENTED_EDGE('',*,*,#1468,.F.);
#2040=ORIENTED_EDGE('',*,*,#1469,.F.);
#2041=ORIENTED_EDGE('',*,*,#1470,.F.);
#2042=ORIENTED_EDGE('',*,*,#1471,.F.);
#2043=ORIENTED_EDGE('',*,*,#1472,.F.);
#2044=ORIENTED_EDGE('',*,*,#1473,.F.);
#2045=ORIENTED_EDGE('',*,*,#1474,.F.);
#2046=ORIENTED_EDGE('',*,*,#1475,.F.);
#2047=ORIENTED_EDGE('',*,*,#1420,.F.);
#2048=ORIENTED_EDGE('',*,*,#1287,.F.);
#2049=ORIENTED_EDGE('',*,*,#1440,.F.);
#2050=ORIENTED_EDGE('',*,*,#1201,.F.);
#2051=ORIENTED_EDGE('',*,*,#1476,.T.);
#2052=ORIENTED_EDGE('',*,*,#1415,.F.);
#2053=ORIENTED_EDGE('',*,*,#1418,.F.);
#2054=ORIENTED_EDGE('',*,*,#1384,.F.);
#2055=ORIENTED_EDGE('',*,*,#1404,.F.);
#2056=ORIENTED_EDGE('',*,*,#1407,.F.);
#2057=ORIENTED_EDGE('',*,*,#1409,.F.);
#2058=ORIENTED_EDGE('',*,*,#1412,.F.);
#2059=ORIENTED_EDGE('',*,*,#1476,.F.);
#2060=ORIENTED_EDGE('',*,*,#1200,.T.);
#2061=ORIENTED_EDGE('',*,*,#1356,.T.);
#2062=ORIENTED_EDGE('',*,*,#1252,.F.);
#2063=ORIENTED_EDGE('',*,*,#1373,.F.);
#2064=ORIENTED_EDGE('',*,*,#1375,.F.);
#2065=ORIENTED_EDGE('',*,*,#1378,.F.);
#2066=ORIENTED_EDGE('',*,*,#1381,.F.);
#2067=ORIENTED_EDGE('',*,*,#1477,.T.);
#2068=ORIENTED_EDGE('',*,*,#1460,.T.);
#2069=ORIENTED_EDGE('',*,*,#1478,.T.);
#2070=ORIENTED_EDGE('',*,*,#1479,.T.);
#2071=ORIENTED_EDGE('',*,*,#1480,.T.);
#2072=ORIENTED_EDGE('',*,*,#1481,.F.);
#2073=ORIENTED_EDGE('',*,*,#1478,.F.);
#2074=ORIENTED_EDGE('',*,*,#1467,.T.);
#2075=ORIENTED_EDGE('',*,*,#1480,.F.);
#2076=ORIENTED_EDGE('',*,*,#1466,.T.);
#2077=ORIENTED_EDGE('',*,*,#1482,.T.);
#2078=ORIENTED_EDGE('',*,*,#1483,.T.);
#2079=ORIENTED_EDGE('',*,*,#1484,.T.);
#2080=ORIENTED_EDGE('',*,*,#1485,.F.);
#2081=ORIENTED_EDGE('',*,*,#1482,.F.);
#2082=ORIENTED_EDGE('',*,*,#1465,.T.);
#2083=ORIENTED_EDGE('',*,*,#1484,.F.);
#2084=ORIENTED_EDGE('',*,*,#1464,.T.);
#2085=ORIENTED_EDGE('',*,*,#1486,.T.);
#2086=ORIENTED_EDGE('',*,*,#1487,.T.);
#2087=ORIENTED_EDGE('',*,*,#1488,.T.);
#2088=ORIENTED_EDGE('',*,*,#1489,.F.);
#2089=ORIENTED_EDGE('',*,*,#1486,.F.);
#2090=ORIENTED_EDGE('',*,*,#1463,.T.);
#2091=ORIENTED_EDGE('',*,*,#1488,.F.);
#2092=ORIENTED_EDGE('',*,*,#1462,.T.);
#2093=ORIENTED_EDGE('',*,*,#1490,.T.);
#2094=ORIENTED_EDGE('',*,*,#1491,.T.);
#2095=ORIENTED_EDGE('',*,*,#1477,.F.);
#2096=ORIENTED_EDGE('',*,*,#1492,.F.);
#2097=ORIENTED_EDGE('',*,*,#1490,.F.);
#2098=ORIENTED_EDGE('',*,*,#1461,.T.);
#2099=ORIENTED_EDGE('',*,*,#1493,.T.);
#2100=ORIENTED_EDGE('',*,*,#1468,.T.);
#2101=ORIENTED_EDGE('',*,*,#1494,.T.);
#2102=ORIENTED_EDGE('',*,*,#1495,.T.);
#2103=ORIENTED_EDGE('',*,*,#1496,.T.);
#2104=ORIENTED_EDGE('',*,*,#1497,.F.);
#2105=ORIENTED_EDGE('',*,*,#1494,.F.);
#2106=ORIENTED_EDGE('',*,*,#1475,.T.);
#2107=ORIENTED_EDGE('',*,*,#1496,.F.);
#2108=ORIENTED_EDGE('',*,*,#1474,.T.);
#2109=ORIENTED_EDGE('',*,*,#1498,.T.);
#2110=ORIENTED_EDGE('',*,*,#1499,.T.);
#2111=ORIENTED_EDGE('',*,*,#1500,.T.);
#2112=ORIENTED_EDGE('',*,*,#1501,.F.);
#2113=ORIENTED_EDGE('',*,*,#1498,.F.);
#2114=ORIENTED_EDGE('',*,*,#1473,.T.);
#2115=ORIENTED_EDGE('',*,*,#1500,.F.);
#2116=ORIENTED_EDGE('',*,*,#1472,.T.);
#2117=ORIENTED_EDGE('',*,*,#1502,.T.);
#2118=ORIENTED_EDGE('',*,*,#1503,.T.);
#2119=ORIENTED_EDGE('',*,*,#1504,.T.);
#2120=ORIENTED_EDGE('',*,*,#1505,.F.);
#2121=ORIENTED_EDGE('',*,*,#1502,.F.);
#2122=ORIENTED_EDGE('',*,*,#1471,.T.);
#2123=ORIENTED_EDGE('',*,*,#1504,.F.);
#2124=ORIENTED_EDGE('',*,*,#1470,.T.);
#2125=ORIENTED_EDGE('',*,*,#1506,.T.);
#2126=ORIENTED_EDGE('',*,*,#1507,.T.);
#2127=ORIENTED_EDGE('',*,*,#1493,.F.);
#2128=ORIENTED_EDGE('',*,*,#1508,.F.);
#2129=ORIENTED_EDGE('',*,*,#1506,.F.);
#2130=ORIENTED_EDGE('',*,*,#1469,.T.);
#2131=ORIENTED_EDGE('',*,*,#1214,.F.);
#2132=ORIENTED_EDGE('',*,*,#1509,.T.);
#2133=ORIENTED_EDGE('',*,*,#1274,.T.);
#2134=ORIENTED_EDGE('',*,*,#1510,.F.);
#2135=ORIENTED_EDGE('',*,*,#1509,.F.);
#2136=ORIENTED_EDGE('',*,*,#1213,.F.);
#2137=ORIENTED_EDGE('',*,*,#1511,.T.);
#2138=ORIENTED_EDGE('',*,*,#1275,.T.);
#2139=ORIENTED_EDGE('',*,*,#1300,.T.);
#2140=ORIENTED_EDGE('',*,*,#1459,.T.);
#2141=ORIENTED_EDGE('',*,*,#1344,.T.);
#2142=ORIENTED_EDGE('',*,*,#1512,.T.);
#2143=ORIENTED_EDGE('',*,*,#1359,.F.);
#2144=ORIENTED_EDGE('',*,*,#1513,.T.);
#2145=ORIENTED_EDGE('',*,*,#1307,.F.);
#2146=ORIENTED_EDGE('',*,*,#1514,.T.);
#2147=ORIENTED_EDGE('',*,*,#1362,.F.);
#2148=ORIENTED_EDGE('',*,*,#1514,.F.);
#2149=ORIENTED_EDGE('',*,*,#1370,.F.);
#2150=ORIENTED_EDGE('',*,*,#1515,.F.);
#2151=ORIENTED_EDGE('',*,*,#1364,.F.);
#2152=ORIENTED_EDGE('',*,*,#1515,.T.);
#2153=ORIENTED_EDGE('',*,*,#1366,.F.);
#2154=ORIENTED_EDGE('',*,*,#1516,.T.);
#2155=ORIENTED_EDGE('',*,*,#1365,.F.);
#2156=ORIENTED_EDGE('',*,*,#1516,.F.);
#2157=ORIENTED_EDGE('',*,*,#1242,.F.);
#2158=ORIENTED_EDGE('',*,*,#1259,.F.);
#2159=ORIENTED_EDGE('',*,*,#1357,.F.);
#2160=ORIENTED_EDGE('',*,*,#1269,.F.);
#2161=ORIENTED_EDGE('',*,*,#1304,.F.);
#2162=ORIENTED_EDGE('',*,*,#1513,.F.);
#2163=ORIENTED_EDGE('',*,*,#1444,.F.);
#2164=ORIENTED_EDGE('',*,*,#1276,.F.);
#2165=ORIENTED_EDGE('',*,*,#1511,.F.);
#2166=ORIENTED_EDGE('',*,*,#1212,.T.);
#2167=ORIENTED_EDGE('',*,*,#1508,.T.);
#2168=ORIENTED_EDGE('',*,*,#1495,.F.);
#2169=ORIENTED_EDGE('',*,*,#1497,.T.);
#2170=ORIENTED_EDGE('',*,*,#1499,.F.);
#2171=ORIENTED_EDGE('',*,*,#1501,.T.);
#2172=ORIENTED_EDGE('',*,*,#1503,.F.);
#2173=ORIENTED_EDGE('',*,*,#1505,.T.);
#2174=ORIENTED_EDGE('',*,*,#1507,.F.);
#2175=ORIENTED_EDGE('',*,*,#1492,.T.);
#2176=ORIENTED_EDGE('',*,*,#1479,.F.);
#2177=ORIENTED_EDGE('',*,*,#1481,.T.);
#2178=ORIENTED_EDGE('',*,*,#1483,.F.);
#2179=ORIENTED_EDGE('',*,*,#1485,.T.);
#2180=ORIENTED_EDGE('',*,*,#1487,.F.);
#2181=ORIENTED_EDGE('',*,*,#1489,.T.);
#2182=ORIENTED_EDGE('',*,*,#1491,.F.);
#2183=ORIENTED_EDGE('',*,*,#1443,.F.);
#2184=ORIENTED_EDGE('',*,*,#1209,.T.);
#2185=ORIENTED_EDGE('',*,*,#1450,.T.);
#2186=ORIENTED_EDGE('',*,*,#1279,.F.);
#2187=ORIENTED_EDGE('',*,*,#1446,.F.);
#2188=ORIENTED_EDGE('',*,*,#1282,.F.);
#2189=ORIENTED_EDGE('',*,*,#1448,.F.);
#2190=ORIENTED_EDGE('',*,*,#1206,.T.);
#2191=ORIENTED_EDGE('',*,*,#1285,.F.);
#2192=ORIENTED_EDGE('',*,*,#1447,.F.);
#2193=ORIENTED_EDGE('',*,*,#1203,.T.);
#2194=ORIENTED_EDGE('',*,*,#1441,.T.);
#2195=ORIENTED_EDGE('',*,*,#1254,.F.);
#2196=ORIENTED_EDGE('',*,*,#1355,.F.);
#2197=ORIENTED_EDGE('',*,*,#1198,.T.);
#2198=ORIENTED_EDGE('',*,*,#1325,.T.);
#2199=ORIENTED_EDGE('',*,*,#1273,.F.);
#2200=ORIENTED_EDGE('',*,*,#1318,.F.);
#2201=ORIENTED_EDGE('',*,*,#1215,.T.);
#2202=ORIENTED_EDGE('',*,*,#1510,.T.);
#2203=ORIENTED_EDGE('',*,*,#1308,.F.);
#2204=ORIENTED_EDGE('',*,*,#1301,.F.);
#2205=ORIENTED_EDGE('',*,*,#1512,.F.);
#2206=ORIENTED_EDGE('',*,*,#1343,.F.);
#2207=ORIENTED_EDGE('',*,*,#1452,.F.);
#2208=ORIENTED_EDGE('',*,*,#1347,.F.);
#2209=ORIENTED_EDGE('',*,*,#1458,.T.);
#2210=ORIENTED_EDGE('',*,*,#1297,.F.);
#2211=ORIENTED_EDGE('',*,*,#1451,.F.);
#2212=ORIENTED_EDGE('',*,*,#1295,.F.);
#2213=ORIENTED_EDGE('',*,*,#1453,.F.);
#2214=ORIENTED_EDGE('',*,*,#1349,.F.);
#2215=ORIENTED_EDGE('',*,*,#1261,.F.);
#2216=ORIENTED_EDGE('',*,*,#1354,.F.);
#2217=ORIENTED_EDGE('',*,*,#1326,.F.);
#2218=ORIENTED_EDGE('',*,*,#1245,.F.);
#2219=ORIENTED_EDGE('',*,*,#1456,.F.);
#2220=ORIENTED_EDGE('',*,*,#1351,.F.);
#2221=ORIENTED_EDGE('',*,*,#1454,.F.);
#2222=ORIENTED_EDGE('',*,*,#1293,.F.);
#2223=PLANE('',#2406);
#2224=PLANE('',#2410);
#2225=PLANE('',#2414);
#2226=PLANE('',#2418);
#2227=PLANE('',#2428);
#2228=PLANE('',#2429);
#2229=PLANE('',#2451);
#2230=PLANE('',#2452);
#2231=PLANE('',#2458);
#2232=PLANE('',#2459);
#2233=PLANE('',#2465);
#2234=PLANE('',#2466);
#2235=PLANE('',#2473);
#2236=PLANE('',#2487);
#2237=PLANE('',#2522);
#2238=PLANE('',#2523);
#2239=PLANE('',#2524);
#2240=PLANE('',#2528);
#2241=PLANE('',#2533);
#2242=PLANE('',#2537);
#2243=PLANE('',#2561);
#2244=PLANE('',#2578);
#2245=PLANE('',#2581);
#2246=PLANE('',#2592);
#2247=PLANE('',#2593);
#2248=PLANE('',#2611);
#2249=PLANE('',#2615);
#2250=PLANE('',#2627);
#2251=PLANE('',#2640);
#2252=PLANE('',#2650);
#2253=PLANE('',#2695);
#2254=PLANE('',#2697);
#2255=PLANE('',#2698);
#2256=PLANE('',#2699);
#2257=PLANE('',#2700);
#2258=PLANE('',#2701);
#2259=PLANE('',#2702);
#2260=PLANE('',#2703);
#2261=PLANE('',#2704);
#2262=PLANE('',#2705);
#2263=PLANE('',#2706);
#2264=PLANE('',#2707);
#2265=PLANE('',#2708);
#2266=PLANE('',#2709);
#2267=ADVANCED_FACE('',(#300),#2223,.F.);
#2268=ADVANCED_FACE('',(#301),#230,.F.);
#2269=ADVANCED_FACE('',(#302),#2224,.F.);
#2270=ADVANCED_FACE('',(#303),#231,.F.);
#2271=ADVANCED_FACE('',(#304),#2225,.F.);
#2272=ADVANCED_FACE('',(#305),#232,.F.);
#2273=ADVANCED_FACE('',(#306),#2226,.F.);
#2274=ADVANCED_FACE('',(#307),#233,.F.);
#2275=ADVANCED_FACE('',(#308),#234,.F.);
#2276=ADVANCED_FACE('',(#309),#235,.T.);
#2277=ADVANCED_FACE('',(#310,#46),#2227,.T.);
#2278=ADVANCED_FACE('',(#311,#47,#48,#49,#50,#51),#2228,.F.);
#2279=ADVANCED_FACE('',(#312),#236,.F.);
#2280=ADVANCED_FACE('',(#313),#237,.T.);
#2281=ADVANCED_FACE('',(#314,#52),#2229,.T.);
#2282=ADVANCED_FACE('',(#315),#2230,.F.);
#2283=ADVANCED_FACE('',(#316),#238,.F.);
#2284=ADVANCED_FACE('',(#317),#239,.T.);
#2285=ADVANCED_FACE('',(#318,#53),#2231,.T.);
#2286=ADVANCED_FACE('',(#319),#2232,.F.);
#2287=ADVANCED_FACE('',(#320),#240,.F.);
#2288=ADVANCED_FACE('',(#321),#241,.T.);
#2289=ADVANCED_FACE('',(#322,#54),#2233,.T.);
#2290=ADVANCED_FACE('',(#323),#2234,.F.);
#2291=ADVANCED_FACE('',(#324),#242,.T.);
#2292=ADVANCED_FACE('',(#325),#243,.T.);
#2293=ADVANCED_FACE('',(#326),#2235,.T.);
#2294=ADVANCED_FACE('',(#327),#244,.F.);
#2295=ADVANCED_FACE('',(#328),#245,.T.);
#2296=ADVANCED_FACE('',(#329),#2236,.T.);
#2297=ADVANCED_FACE('',(#330),#246,.T.);
#2298=ADVANCED_FACE('',(#331),#18,.T.);
#2299=ADVANCED_FACE('',(#332),#247,.F.);
#2300=ADVANCED_FACE('',(#333),#248,.F.);
#2301=ADVANCED_FACE('',(#334),#15,.T.);
#2302=ADVANCED_FACE('',(#335),#249,.F.);
#2303=ADVANCED_FACE('',(#336),#2237,.F.);
#2304=ADVANCED_FACE('',(#337),#2238,.F.);
#2305=ADVANCED_FACE('',(#338),#2239,.F.);
#2306=ADVANCED_FACE('',(#339),#250,.F.);
#2307=ADVANCED_FACE('',(#340),#2240,.F.);
#2308=ADVANCED_FACE('',(#341),#251,.T.);
#2309=ADVANCED_FACE('',(#342),#252,.T.);
#2310=ADVANCED_FACE('',(#343),#2241,.T.);
#2311=ADVANCED_FACE('',(#344,#55),#2242,.T.);
#2312=ADVANCED_FACE('',(#345),#253,.T.);
#2313=ADVANCED_FACE('',(#346),#254,.T.);
#2314=ADVANCED_FACE('',(#347),#19,.T.);
#2315=ADVANCED_FACE('',(#348),#255,.T.);
#2316=ADVANCED_FACE('',(#349),#20,.T.);
#2317=ADVANCED_FACE('',(#350),#256,.T.);
#2318=ADVANCED_FACE('',(#351),#21,.T.);
#2319=ADVANCED_FACE('',(#352),#257,.T.);
#2320=ADVANCED_FACE('',(#353),#2243,.T.);
#2321=ADVANCED_FACE('',(#354),#258,.T.);
#2322=ADVANCED_FACE('',(#355),#22,.T.);
#2323=ADVANCED_FACE('',(#356),#259,.T.);
#2324=ADVANCED_FACE('',(#357),#23,.T.);
#2325=ADVANCED_FACE('',(#358),#260,.T.);
#2326=ADVANCED_FACE('',(#359),#261,.F.);
#2327=ADVANCED_FACE('',(#360),#2244,.F.);
#2328=ADVANCED_FACE('',(#361),#262,.F.);
#2329=ADVANCED_FACE('',(#362),#2245,.F.);
#2330=ADVANCED_FACE('',(#363),#263,.T.);
#2331=ADVANCED_FACE('',(#364),#24,.T.);
#2332=ADVANCED_FACE('',(#365),#264,.T.);
#2333=ADVANCED_FACE('',(#366),#25,.T.);
#2334=ADVANCED_FACE('',(#367),#265,.T.);
#2335=ADVANCED_FACE('',(#368),#2246,.F.);
#2336=ADVANCED_FACE('',(#369),#2247,.T.);
#2337=ADVANCED_FACE('',(#370),#266,.T.);
#2338=ADVANCED_FACE('',(#371),#26,.T.);
#2339=ADVANCED_FACE('',(#372),#267,.T.);
#2340=ADVANCED_FACE('',(#373),#27,.T.);
#2341=ADVANCED_FACE('',(#374),#16,.F.);
#2342=ADVANCED_FACE('',(#375),#268,.T.);
#2343=ADVANCED_FACE('',(#376),#269,.F.);
#2344=ADVANCED_FACE('',(#377),#2248,.F.);
#2345=ADVANCED_FACE('',(#378),#270,.F.);
#2346=ADVANCED_FACE('',(#379),#2249,.F.);
#2347=ADVANCED_FACE('',(#380),#271,.T.);
#2348=ADVANCED_FACE('',(#381),#17,.F.);
#2349=ADVANCED_FACE('',(#382),#28,.T.);
#2350=ADVANCED_FACE('',(#383),#272,.T.);
#2351=ADVANCED_FACE('',(#384),#29,.T.);
#2352=ADVANCED_FACE('',(#385),#273,.T.);
#2353=ADVANCED_FACE('',(#386),#2250,.F.);
#2354=ADVANCED_FACE('',(#387),#274,.T.);
#2355=ADVANCED_FACE('',(#388),#275,.T.);
#2356=ADVANCED_FACE('',(#389),#276,.F.);
#2357=ADVANCED_FACE('',(#390),#277,.F.);
#2358=ADVANCED_FACE('',(#391),#278,.T.);
#2359=ADVANCED_FACE('',(#392),#279,.F.);
#2360=ADVANCED_FACE('',(#393),#280,.T.);
#2361=ADVANCED_FACE('',(#394),#281,.T.);
#2362=ADVANCED_FACE('',(#395),#282,.T.);
#2363=ADVANCED_FACE('',(#396),#283,.F.);
#2364=ADVANCED_FACE('',(#397),#284,.T.);
#2365=ADVANCED_FACE('',(#398),#285,.T.);
#2366=ADVANCED_FACE('',(#399,#56,#57),#2251,.T.);
#2367=ADVANCED_FACE('',(#400),#286,.F.);
#2368=ADVANCED_FACE('',(#401),#2252,.F.);
#2369=ADVANCED_FACE('',(#402),#30,.T.);
#2370=ADVANCED_FACE('',(#403),#287,.T.);
#2371=ADVANCED_FACE('',(#404),#31,.T.);
#2372=ADVANCED_FACE('',(#405),#288,.T.);
#2373=ADVANCED_FACE('',(#406),#32,.T.);
#2374=ADVANCED_FACE('',(#407),#289,.T.);
#2375=ADVANCED_FACE('',(#408),#33,.T.);
#2376=ADVANCED_FACE('',(#409),#290,.T.);
#2377=ADVANCED_FACE('',(#410),#34,.T.);
#2378=ADVANCED_FACE('',(#411),#291,.T.);
#2379=ADVANCED_FACE('',(#412),#35,.T.);
#2380=ADVANCED_FACE('',(#413),#292,.T.);
#2381=ADVANCED_FACE('',(#414),#36,.T.);
#2382=ADVANCED_FACE('',(#415),#293,.T.);
#2383=ADVANCED_FACE('',(#416),#37,.T.);
#2384=ADVANCED_FACE('',(#417),#294,.T.);
#2385=ADVANCED_FACE('',(#418),#295,.T.);
#2386=ADVANCED_FACE('',(#419),#296,.F.);
#2387=ADVANCED_FACE('',(#420),#297,.T.);
#2388=ADVANCED_FACE('',(#421),#298,.F.);
#2389=ADVANCED_FACE('',(#422),#2253,.F.);
#2390=ADVANCED_FACE('',(#423),#299,.F.);
#2391=ADVANCED_FACE('',(#424),#2254,.F.);
#2392=ADVANCED_FACE('',(#425),#2255,.F.);
#2393=ADVANCED_FACE('',(#426,#58,#59),#2256,.F.);
#2394=ADVANCED_FACE('',(#427),#2257,.F.);
#2395=ADVANCED_FACE('',(#428),#2258,.F.);
#2396=ADVANCED_FACE('',(#429),#2259,.F.);
#2397=ADVANCED_FACE('',(#430),#2260,.F.);
#2398=ADVANCED_FACE('',(#431),#2261,.F.);
#2399=ADVANCED_FACE('',(#432),#2262,.T.);
#2400=ADVANCED_FACE('',(#433),#2263,.T.);
#2401=ADVANCED_FACE('',(#434),#2264,.T.);
#2402=ADVANCED_FACE('',(#435),#2265,.T.);
#2403=ADVANCED_FACE('',(#436),#2266,.T.);
#2404=CLOSED_SHELL('',(#2267,#2268,#2269,#2270,#2271,#2272,#2273,#2274,
#2275,#2276,#2277,#2278,#2279,#2280,#2281,#2282,#2283,#2284,#2285,#2286,
#2287,#2288,#2289,#2290,#2291,#2292,#2293,#2294,#2295,#2296,#2297,#2298,
#2299,#2300,#2301,#2302,#2303,#2304,#2305,#2306,#2307,#2308,#2309,#2310,
#2311,#2312,#2313,#2314,#2315,#2316,#2317,#2318,#2319,#2320,#2321,#2322,
#2323,#2324,#2325,#2326,#2327,#2328,#2329,#2330,#2331,#2332,#2333,#2334,
#2335,#2336,#2337,#2338,#2339,#2340,#2341,#2342,#2343,#2344,#2345,#2346,
#2347,#2348,#2349,#2350,#2351,#2352,#2353,#2354,#2355,#2356,#2357,#2358,
#2359,#2360,#2361,#2362,#2363,#2364,#2365,#2366,#2367,#2368,#2369,#2370,
#2371,#2372,#2373,#2374,#2375,#2376,#2377,#2378,#2379,#2380,#2381,#2382,
#2383,#2384,#2385,#2386,#2387,#2388,#2389,#2390,#2391,#2392,#2393,#2394,
#2395,#2396,#2397,#2398,#2399,#2400,#2401,#2402,#2403));
#2405=AXIS2_PLACEMENT_3D('',#3495,#2710,#2711);
#2406=AXIS2_PLACEMENT_3D('',#3496,#2712,#2713);
#2407=AXIS2_PLACEMENT_3D('',#3505,#2718,#2719);
#2408=AXIS2_PLACEMENT_3D('',#3507,#2720,#2721);
#2409=AXIS2_PLACEMENT_3D('',#3509,#2722,#2723);
#2410=AXIS2_PLACEMENT_3D('',#3511,#2725,#2726);
#2411=AXIS2_PLACEMENT_3D('',#3517,#2730,#2731);
#2412=AXIS2_PLACEMENT_3D('',#3519,#2732,#2733);
#2413=AXIS2_PLACEMENT_3D('',#3521,#2734,#2735);
#2414=AXIS2_PLACEMENT_3D('',#3523,#2737,#2738);
#2415=AXIS2_PLACEMENT_3D('',#3529,#2742,#2743);
#2416=AXIS2_PLACEMENT_3D('',#3531,#2744,#2745);
#2417=AXIS2_PLACEMENT_3D('',#3533,#2746,#2747);
#2418=AXIS2_PLACEMENT_3D('',#3535,#2749,#2750);
#2419=AXIS2_PLACEMENT_3D('',#3541,#2754,#2755);
#2420=AXIS2_PLACEMENT_3D('',#3542,#2756,#2757);
#2421=AXIS2_PLACEMENT_3D('',#3543,#2758,#2759);
#2422=AXIS2_PLACEMENT_3D('',#3544,#2760,#2761);
#2423=AXIS2_PLACEMENT_3D('',#3546,#2762,#2763);
#2424=AXIS2_PLACEMENT_3D('',#3549,#2765,#2766);
#2425=AXIS2_PLACEMENT_3D('',#3550,#2767,#2768);
#2426=AXIS2_PLACEMENT_3D('',#3552,#2769,#2770);
#2427=AXIS2_PLACEMENT_3D('',#3555,#2772,#2773);
#2428=AXIS2_PLACEMENT_3D('',#3556,#2774,#2775);
#2429=AXIS2_PLACEMENT_3D('',#3557,#2776,#2777);
#2430=AXIS2_PLACEMENT_3D('',#3560,#2778,#2779);
#2431=AXIS2_PLACEMENT_3D('',#3564,#2781,#2782);
#2432=AXIS2_PLACEMENT_3D('',#3570,#2785,#2786);
#2433=AXIS2_PLACEMENT_3D('',#3574,#2788,#2789);
#2434=AXIS2_PLACEMENT_3D('',#3576,#2790,#2791);
#2435=AXIS2_PLACEMENT_3D('',#3580,#2793,#2794);
#2436=AXIS2_PLACEMENT_3D('',#3582,#2795,#2796);
#2437=AXIS2_PLACEMENT_3D('',#3586,#2798,#2799);
#2438=AXIS2_PLACEMENT_3D('',#3588,#2800,#2801);
#2439=AXIS2_PLACEMENT_3D('',#3592,#2803,#2804);
#2440=AXIS2_PLACEMENT_3D('',#3594,#2805,#2806);
#2441=AXIS2_PLACEMENT_3D('',#3598,#2808,#2809);
#2442=AXIS2_PLACEMENT_3D('',#3600,#2810,#2811);
#2443=AXIS2_PLACEMENT_3D('',#3605,#2814,#2815);
#2444=AXIS2_PLACEMENT_3D('',#3607,#2816,#2817);
#2445=AXIS2_PLACEMENT_3D('',#3609,#2818,#2819);
#2446=AXIS2_PLACEMENT_3D('',#3610,#2820,#2821);
#2447=AXIS2_PLACEMENT_3D('',#3612,#2822,#2823);
#2448=AXIS2_PLACEMENT_3D('',#3615,#2825,#2826);
#2449=AXIS2_PLACEMENT_3D('',#3616,#2827,#2828);
#2450=AXIS2_PLACEMENT_3D('',#3618,#2829,#2830);
#2451=AXIS2_PLACEMENT_3D('',#3620,#2832,#2833);
#2452=AXIS2_PLACEMENT_3D('',#3621,#2834,#2835);
#2453=AXIS2_PLACEMENT_3D('',#3622,#2836,#2837);
#2454=AXIS2_PLACEMENT_3D('',#3624,#2838,#2839);
#2455=AXIS2_PLACEMENT_3D('',#3627,#2841,#2842);
#2456=AXIS2_PLACEMENT_3D('',#3628,#2843,#2844);
#2457=AXIS2_PLACEMENT_3D('',#3630,#2845,#2846);
#2458=AXIS2_PLACEMENT_3D('',#3632,#2848,#2849);
#2459=AXIS2_PLACEMENT_3D('',#3633,#2850,#2851);
#2460=AXIS2_PLACEMENT_3D('',#3634,#2852,#2853);
#2461=AXIS2_PLACEMENT_3D('',#3636,#2854,#2855);
#2462=AXIS2_PLACEMENT_3D('',#3639,#2857,#2858);
#2463=AXIS2_PLACEMENT_3D('',#3640,#2859,#2860);
#2464=AXIS2_PLACEMENT_3D('',#3642,#2861,#2862);
#2465=AXIS2_PLACEMENT_3D('',#3644,#2864,#2865);
#2466=AXIS2_PLACEMENT_3D('',#3645,#2866,#2867);
#2467=AXIS2_PLACEMENT_3D('',#3646,#2868,#2869);
#2468=AXIS2_PLACEMENT_3D('',#3662,#2871,#2872);
#2469=AXIS2_PLACEMENT_3D('',#3666,#2874,#2875);
#2470=AXIS2_PLACEMENT_3D('',#3668,#2877,#2878);
#2471=AXIS2_PLACEMENT_3D('',#3670,#2879,#2880);
#2472=AXIS2_PLACEMENT_3D('',#3673,#2882,#2883);
#2473=AXIS2_PLACEMENT_3D('',#3674,#2884,#2885);
#2474=AXIS2_PLACEMENT_3D('',#3676,#2886,#2887);
#2475=AXIS2_PLACEMENT_3D('',#3680,#2889,#2890);
#2476=AXIS2_PLACEMENT_3D('',#3682,#2891,#2892);
#2477=AXIS2_PLACEMENT_3D('',#3686,#2894,#2895);
#2478=AXIS2_PLACEMENT_3D('',#3690,#2897,#2898);
#2479=AXIS2_PLACEMENT_3D('',#3694,#2900,#2901);
#2480=AXIS2_PLACEMENT_3D('',#3700,#2904,#2905);
#2481=AXIS2_PLACEMENT_3D('',#3704,#2907,#2908);
#2482=AXIS2_PLACEMENT_3D('',#3706,#2910,#2911);
#2483=AXIS2_PLACEMENT_3D('',#3708,#2912,#2913);
#2484=AXIS2_PLACEMENT_3D('',#3710,#2915,#2916);
#2485=AXIS2_PLACEMENT_3D('',#3713,#2917,#2918);
#2486=AXIS2_PLACEMENT_3D('',#3717,#2920,#2921);
#2487=AXIS2_PLACEMENT_3D('',#3734,#2924,#2925);
#2488=AXIS2_PLACEMENT_3D('',#3736,#2926,#2927);
#2489=AXIS2_PLACEMENT_3D('',#3740,#2929,#2930);
#2490=AXIS2_PLACEMENT_3D('',#3742,#2931,#2932);
#2491=AXIS2_PLACEMENT_3D('',#3748,#2935,#2936);
#2492=AXIS2_PLACEMENT_3D('',#3750,#2937,#2938);
#2493=AXIS2_PLACEMENT_3D('',#3754,#2940,#2941);
#2494=AXIS2_PLACEMENT_3D('',#3756,#2942,#2943);
#2495=AXIS2_PLACEMENT_3D('',#3760,#2945,#2946);
#2496=AXIS2_PLACEMENT_3D('',#3762,#2947,#2948);
#2497=AXIS2_PLACEMENT_3D('',#3766,#2950,#2951);
#2498=AXIS2_PLACEMENT_3D('',#3768,#2952,#2953);
#2499=AXIS2_PLACEMENT_3D('',#3772,#2955,#2956);
#2500=AXIS2_PLACEMENT_3D('',#3774,#2957,#2958);
#2501=AXIS2_PLACEMENT_3D('',#3776,#2959,#2960);
#2502=AXIS2_PLACEMENT_3D('',#3780,#2962,#2963);
#2503=AXIS2_PLACEMENT_3D('',#3782,#2964,#2965);
#2504=AXIS2_PLACEMENT_3D('',#3784,#2966,#2967);
#2505=AXIS2_PLACEMENT_3D('',#3788,#2969,#2970);
#2506=AXIS2_PLACEMENT_3D('',#3792,#2972,#2973);
#2507=AXIS2_PLACEMENT_3D('',#3796,#2975,#2976);
#2508=AXIS2_PLACEMENT_3D('',#3800,#2978,#2979);
#2509=AXIS2_PLACEMENT_3D('',#3803,#2981,#2982);
#2510=AXIS2_PLACEMENT_3D('',#3804,#2983,#2984);
#2511=AXIS2_PLACEMENT_3D('',#3806,#2985,#2986);
#2512=AXIS2_PLACEMENT_3D('',#3808,#2988,#2989);
#2513=AXIS2_PLACEMENT_3D('',#3810,#2990,#2991);
#2514=AXIS2_PLACEMENT_3D('',#3812,#2992,#2993);
#2515=AXIS2_PLACEMENT_3D('',#3813,#2994,#2995);
#2516=AXIS2_PLACEMENT_3D('',#3814,#2996,#2997);
#2517=AXIS2_PLACEMENT_3D('',#3817,#2999,#3000);
#2518=AXIS2_PLACEMENT_3D('',#3818,#3001,#3002);
#2519=AXIS2_PLACEMENT_3D('',#3822,#3004,#3005);
#2520=AXIS2_PLACEMENT_3D('',#3851,#3007,#3008);
#2521=AXIS2_PLACEMENT_3D('',#3862,#3009,#3010);
#2522=AXIS2_PLACEMENT_3D('',#3865,#3013,#3014);
#2523=AXIS2_PLACEMENT_3D('',#3867,#3016,#3017);
#2524=AXIS2_PLACEMENT_3D('',#3868,#3018,#3019);
#2525=AXIS2_PLACEMENT_3D('',#3870,#3020,#3021);
#2526=AXIS2_PLACEMENT_3D('',#3874,#3023,#3024);
#2527=AXIS2_PLACEMENT_3D('',#3877,#3027,#3028);
#2528=AXIS2_PLACEMENT_3D('',#3879,#3030,#3031);
#2529=AXIS2_PLACEMENT_3D('',#3881,#3033,#3034);
#2530=AXIS2_PLACEMENT_3D('',#3885,#3036,#3037);
#2531=AXIS2_PLACEMENT_3D('',#3887,#3039,#3040);
#2532=AXIS2_PLACEMENT_3D('',#3889,#3041,#3042);
#2533=AXIS2_PLACEMENT_3D('',#3891,#3044,#3045);
#2534=AXIS2_PLACEMENT_3D('',#3899,#3049,#3050);
#2535=AXIS2_PLACEMENT_3D('',#3907,#3054,#3055);
#2536=AXIS2_PLACEMENT_3D('',#3911,#3057,#3058);
#2537=AXIS2_PLACEMENT_3D('',#3913,#3060,#3061);
#2538=AXIS2_PLACEMENT_3D('',#3918,#3064,#3065);
#2539=AXIS2_PLACEMENT_3D('',#3922,#3067,#3068);
#2540=AXIS2_PLACEMENT_3D('',#3926,#3070,#3071);
#2541=AXIS2_PLACEMENT_3D('',#3930,#3073,#3074);
#2542=AXIS2_PLACEMENT_3D('',#3934,#3076,#3077);
#2543=AXIS2_PLACEMENT_3D('',#3935,#3078,#3079);
#2544=AXIS2_PLACEMENT_3D('',#3937,#3081,#3082);
#2545=AXIS2_PLACEMENT_3D('',#3940,#3085,#3086);
#2546=AXIS2_PLACEMENT_3D('',#3943,#3088,#3089);
#2547=AXIS2_PLACEMENT_3D('',#3944,#3090,#3091);
#2548=AXIS2_PLACEMENT_3D('',#3946,#3092,#3093);
#2549=AXIS2_PLACEMENT_3D('',#3947,#3094,#3095);
#2550=AXIS2_PLACEMENT_3D('',#3948,#3096,#3097);
#2551=AXIS2_PLACEMENT_3D('',#3950,#3098,#3099);
#2552=AXIS2_PLACEMENT_3D('',#3952,#3101,#3102);
#2553=AXIS2_PLACEMENT_3D('',#3954,#3103,#3104);
#2554=AXIS2_PLACEMENT_3D('',#3955,#3105,#3106);
#2555=AXIS2_PLACEMENT_3D('',#3956,#3107,#3108);
#2556=AXIS2_PLACEMENT_3D('',#3958,#3110,#3111);
#2557=AXIS2_PLACEMENT_3D('',#3960,#3112,#3113);
#2558=AXIS2_PLACEMENT_3D('',#3962,#3114,#3115);
#2559=AXIS2_PLACEMENT_3D('',#3963,#3116,#3117);
#2560=AXIS2_PLACEMENT_3D('',#3964,#3118,#3119);
#2561=AXIS2_PLACEMENT_3D('',#3967,#3122,#3123);
#2562=AXIS2_PLACEMENT_3D('',#3968,#3124,#3125);
#2563=AXIS2_PLACEMENT_3D('',#3972,#3127,#3128);
#2564=AXIS2_PLACEMENT_3D('',#3974,#3130,#3131);
#2565=AXIS2_PLACEMENT_3D('',#3977,#3132,#3133);
#2566=AXIS2_PLACEMENT_3D('',#3978,#3134,#3135);
#2567=AXIS2_PLACEMENT_3D('',#3979,#3136,#3137);
#2568=AXIS2_PLACEMENT_3D('',#3980,#3138,#3139);
#2569=AXIS2_PLACEMENT_3D('',#3983,#3140,#3141);
#2570=AXIS2_PLACEMENT_3D('',#3986,#3144,#3145);
#2571=AXIS2_PLACEMENT_3D('',#3989,#3146,#3147);
#2572=AXIS2_PLACEMENT_3D('',#3990,#3148,#3149);
#2573=AXIS2_PLACEMENT_3D('',#3991,#3150,#3151);
#2574=AXIS2_PLACEMENT_3D('',#3992,#3152,#3153);
#2575=AXIS2_PLACEMENT_3D('',#3995,#3154,#3155);
#2576=AXIS2_PLACEMENT_3D('',#3998,#3158,#3159);
#2577=AXIS2_PLACEMENT_3D('',#4002,#3161,#3162);
#2578=AXIS2_PLACEMENT_3D('',#4004,#3164,#3165);
#2579=AXIS2_PLACEMENT_3D('',#4008,#3168,#3169);
#2580=AXIS2_PLACEMENT_3D('',#4011,#3171,#3172);
#2581=AXIS2_PLACEMENT_3D('',#4012,#3173,#3174);
#2582=AXIS2_PLACEMENT_3D('',#4014,#3176,#3177);
#2583=AXIS2_PLACEMENT_3D('',#4016,#3178,#3179);
#2584=AXIS2_PLACEMENT_3D('',#4018,#3181,#3182);
#2585=AXIS2_PLACEMENT_3D('',#4019,#3183,#3184);
#2586=AXIS2_PLACEMENT_3D('',#4020,#3185,#3186);
#2587=AXIS2_PLACEMENT_3D('',#4021,#3187,#3188);
#2588=AXIS2_PLACEMENT_3D('',#4022,#3189,#3190);
#2589=AXIS2_PLACEMENT_3D('',#4023,#3191,#3192);
#2590=AXIS2_PLACEMENT_3D('',#4024,#3193,#3194);
#2591=AXIS2_PLACEMENT_3D('',#4025,#3195,#3196);
#2592=AXIS2_PLACEMENT_3D('',#4026,#3197,#3198);
#2593=AXIS2_PLACEMENT_3D('',#4028,#3200,#3201);
#2594=AXIS2_PLACEMENT_3D('',#4030,#3202,#3203);
#2595=AXIS2_PLACEMENT_3D('',#4034,#3205,#3206);
#2596=AXIS2_PLACEMENT_3D('',#4036,#3208,#3209);
#2597=AXIS2_PLACEMENT_3D('',#4040,#3211,#3212);
#2598=AXIS2_PLACEMENT_3D('',#4042,#3214,#3215);
#2599=AXIS2_PLACEMENT_3D('',#4045,#3216,#3217);
#2600=AXIS2_PLACEMENT_3D('',#4046,#3218,#3219);
#2601=AXIS2_PLACEMENT_3D('',#4047,#3220,#3221);
#2602=AXIS2_PLACEMENT_3D('',#4048,#3222,#3223);
#2603=AXIS2_PLACEMENT_3D('',#4051,#3224,#3225);
#2604=AXIS2_PLACEMENT_3D('',#4054,#3228,#3229);
#2605=AXIS2_PLACEMENT_3D('',#4057,#3230,#3231);
#2606=AXIS2_PLACEMENT_3D('',#4058,#3232,#3233);
#2607=AXIS2_PLACEMENT_3D('',#4059,#3234,#3235);
#2608=AXIS2_PLACEMENT_3D('',#4087,#3236,#3237);
#2609=AXIS2_PLACEMENT_3D('',#4098,#3238,#3239);
#2610=AXIS2_PLACEMENT_3D('',#4101,#3242,#3243);
#2611=AXIS2_PLACEMENT_3D('',#4111,#3246,#3247);
#2612=AXIS2_PLACEMENT_3D('',#4116,#3250,#3251);
#2613=AXIS2_PLACEMENT_3D('',#4117,#3252,#3253);
#2614=AXIS2_PLACEMENT_3D('',#4120,#3255,#3256);
#2615=AXIS2_PLACEMENT_3D('',#4121,#3257,#3258);
#2616=AXIS2_PLACEMENT_3D('',#4123,#3260,#3261);
#2617=AXIS2_PLACEMENT_3D('',#4126,#3263,#3264);
#2618=AXIS2_PLACEMENT_3D('',#4159,#3266,#3267);
#2619=AXIS2_PLACEMENT_3D('',#4165,#3268,#3269);
#2620=AXIS2_PLACEMENT_3D('',#4166,#3270,#3271);
#2621=AXIS2_PLACEMENT_3D('',#4167,#3272,#3273);
#2622=AXIS2_PLACEMENT_3D('',#4168,#3274,#3275);
#2623=AXIS2_PLACEMENT_3D('',#4169,#3276,#3277);
#2624=AXIS2_PLACEMENT_3D('',#4170,#3278,#3279);
#2625=AXIS2_PLACEMENT_3D('',#4171,#3280,#3281);
#2626=AXIS2_PLACEMENT_3D('',#4172,#3282,#3283);
#2627=AXIS2_PLACEMENT_3D('',#4173,#3284,#3285);
#2628=AXIS2_PLACEMENT_3D('',#4174,#3286,#3287);
#2629=AXIS2_PLACEMENT_3D('',#4177,#3290,#3291);
#2630=AXIS2_PLACEMENT_3D('',#4180,#3294,#3295);
#2631=AXIS2_PLACEMENT_3D('',#4182,#3297,#3298);
#2632=AXIS2_PLACEMENT_3D('',#4185,#3301,#3302);
#2633=AXIS2_PLACEMENT_3D('',#4187,#3304,#3305);
#2634=AXIS2_PLACEMENT_3D('',#4190,#3308,#3309);
#2635=AXIS2_PLACEMENT_3D('',#4192,#3311,#3312);
#2636=AXIS2_PLACEMENT_3D('',#4195,#3315,#3316);
#2637=AXIS2_PLACEMENT_3D('',#4198,#3319,#3320);
#2638=AXIS2_PLACEMENT_3D('',#4201,#3323,#3324);
#2639=AXIS2_PLACEMENT_3D('',#4202,#3325,#3326);
#2640=AXIS2_PLACEMENT_3D('',#4205,#3329,#3330);
#2641=AXIS2_PLACEMENT_3D('',#4209,#3332,#3333);
#2642=AXIS2_PLACEMENT_3D('',#4213,#3335,#3336);
#2643=AXIS2_PLACEMENT_3D('',#4217,#3338,#3339);
#2644=AXIS2_PLACEMENT_3D('',#4221,#3341,#3342);
#2645=AXIS2_PLACEMENT_3D('',#4225,#3344,#3345);
#2646=AXIS2_PLACEMENT_3D('',#4229,#3347,#3348);
#2647=AXIS2_PLACEMENT_3D('',#4233,#3350,#3351);
#2648=AXIS2_PLACEMENT_3D('',#4237,#3353,#3354);
#2649=AXIS2_PLACEMENT_3D('',#4239,#3356,#3357);
#2650=AXIS2_PLACEMENT_3D('',#4241,#3359,#3360);
#2651=AXIS2_PLACEMENT_3D('',#4242,#3361,#3362);
#2652=AXIS2_PLACEMENT_3D('',#4244,#3363,#3364);
#2653=AXIS2_PLACEMENT_3D('',#4246,#3365,#3366);
#2654=AXIS2_PLACEMENT_3D('',#4247,#3367,#3368);
#2655=AXIS2_PLACEMENT_3D('',#4248,#3369,#3370);
#2656=AXIS2_PLACEMENT_3D('',#4250,#3371,#3372);
#2657=AXIS2_PLACEMENT_3D('',#4252,#3374,#3375);
#2658=AXIS2_PLACEMENT_3D('',#4254,#3376,#3377);
#2659=AXIS2_PLACEMENT_3D('',#4255,#3378,#3379);
#2660=AXIS2_PLACEMENT_3D('',#4256,#3380,#3381);
#2661=AXIS2_PLACEMENT_3D('',#4258,#3382,#3383);
#2662=AXIS2_PLACEMENT_3D('',#4260,#3385,#3386);
#2663=AXIS2_PLACEMENT_3D('',#4262,#3387,#3388);
#2664=AXIS2_PLACEMENT_3D('',#4263,#3389,#3390);
#2665=AXIS2_PLACEMENT_3D('',#4264,#3391,#3392);
#2666=AXIS2_PLACEMENT_3D('',#4266,#3393,#3394);
#2667=AXIS2_PLACEMENT_3D('',#4268,#3396,#3397);
#2668=AXIS2_PLACEMENT_3D('',#4270,#3398,#3399);
#2669=AXIS2_PLACEMENT_3D('',#4271,#3400,#3401);
#2670=AXIS2_PLACEMENT_3D('',#4272,#3402,#3403);
#2671=AXIS2_PLACEMENT_3D('',#4274,#3405,#3406);
#2672=AXIS2_PLACEMENT_3D('',#4276,#3407,#3408);
#2673=AXIS2_PLACEMENT_3D('',#4278,#3409,#3410);
#2674=AXIS2_PLACEMENT_3D('',#4279,#3411,#3412);
#2675=AXIS2_PLACEMENT_3D('',#4280,#3413,#3414);
#2676=AXIS2_PLACEMENT_3D('',#4282,#3415,#3416);
#2677=AXIS2_PLACEMENT_3D('',#4284,#3418,#3419);
#2678=AXIS2_PLACEMENT_3D('',#4286,#3420,#3421);
#2679=AXIS2_PLACEMENT_3D('',#4287,#3422,#3423);
#2680=AXIS2_PLACEMENT_3D('',#4288,#3424,#3425);
#2681=AXIS2_PLACEMENT_3D('',#4290,#3426,#3427);
#2682=AXIS2_PLACEMENT_3D('',#4292,#3429,#3430);
#2683=AXIS2_PLACEMENT_3D('',#4294,#3431,#3432);
#2684=AXIS2_PLACEMENT_3D('',#4295,#3433,#3434);
#2685=AXIS2_PLACEMENT_3D('',#4296,#3435,#3436);
#2686=AXIS2_PLACEMENT_3D('',#4298,#3437,#3438);
#2687=AXIS2_PLACEMENT_3D('',#4300,#3440,#3441);
#2688=AXIS2_PLACEMENT_3D('',#4302,#3442,#3443);
#2689=AXIS2_PLACEMENT_3D('',#4303,#3444,#3445);
#2690=AXIS2_PLACEMENT_3D('',#4304,#3446,#3447);
#2691=AXIS2_PLACEMENT_3D('',#4306,#3449,#3450);
#2692=AXIS2_PLACEMENT_3D('',#4309,#3453,#3454);
#2693=AXIS2_PLACEMENT_3D('',#4311,#3456,#3457);
#2694=AXIS2_PLACEMENT_3D('',#4313,#3459,#3460);
#2695=AXIS2_PLACEMENT_3D('',#4316,#3463,#3464);
#2696=AXIS2_PLACEMENT_3D('',#4318,#3466,#3467);
#2697=AXIS2_PLACEMENT_3D('',#4320,#3469,#3470);
#2698=AXIS2_PLACEMENT_3D('',#4321,#3471,#3472);
#2699=AXIS2_PLACEMENT_3D('',#4322,#3473,#3474);
#2700=AXIS2_PLACEMENT_3D('',#4323,#3475,#3476);
#2701=AXIS2_PLACEMENT_3D('',#4324,#3477,#3478);
#2702=AXIS2_PLACEMENT_3D('',#4325,#3479,#3480);
#2703=AXIS2_PLACEMENT_3D('',#4326,#3481,#3482);
#2704=AXIS2_PLACEMENT_3D('',#4327,#3483,#3484);
#2705=AXIS2_PLACEMENT_3D('',#4328,#3485,#3486);
#2706=AXIS2_PLACEMENT_3D('',#4329,#3487,#3488);
#2707=AXIS2_PLACEMENT_3D('',#4330,#3489,#3490);
#2708=AXIS2_PLACEMENT_3D('',#4331,#3491,#3492);
#2709=AXIS2_PLACEMENT_3D('',#4332,#3493,#3494);
#2710=DIRECTION('axis',(0.,0.,1.));
#2711=DIRECTION('refdir',(1.,0.,0.));
#2712=DIRECTION('center_axis',(0.,-1.,0.));
#2713=DIRECTION('ref_axis',(1.,0.,0.));
#2714=DIRECTION('',(-1.,0.,0.));
#2715=DIRECTION('',(0.,0.,1.));
#2716=DIRECTION('',(1.,0.,0.));
#2717=DIRECTION('',(0.,0.,1.));
#2718=DIRECTION('center_axis',(0.,0.,1.));
#2719=DIRECTION('ref_axis',(-1.,0.,0.));
#2720=DIRECTION('center_axis',(0.,0.,-1.));
#2721=DIRECTION('ref_axis',(-1.,0.,0.));
#2722=DIRECTION('center_axis',(0.,0.,1.));
#2723=DIRECTION('ref_axis',(-1.,0.,0.));
#2724=DIRECTION('',(0.,0.,1.));
#2725=DIRECTION('center_axis',(-1.,0.,0.));
#2726=DIRECTION('ref_axis',(0.,-1.,0.));
#2727=DIRECTION('',(0.,1.,0.));
#2728=DIRECTION('',(0.,-1.,0.));
#2729=DIRECTION('',(0.,0.,1.));
#2730=DIRECTION('center_axis',(0.,0.,1.));
#2731=DIRECTION('ref_axis',(0.,1.,0.));
#2732=DIRECTION('center_axis',(0.,0.,-1.));
#2733=DIRECTION('ref_axis',(0.,1.,0.));
#2734=DIRECTION('center_axis',(0.,0.,1.));
#2735=DIRECTION('ref_axis',(0.,1.,0.));
#2736=DIRECTION('',(0.,0.,-1.));
#2737=DIRECTION('center_axis',(1.83964008449191E-15,1.,0.));
#2738=DIRECTION('ref_axis',(-1.,1.83964008449191E-15,0.));
#2739=DIRECTION('',(1.,-1.83964008449191E-15,0.));
#2740=DIRECTION('',(-1.,1.83964008449191E-15,0.));
#2741=DIRECTION('',(0.,0.,1.));
#2742=DIRECTION('center_axis',(0.,0.,1.));
#2743=DIRECTION('ref_axis',(1.,0.,0.));
#2744=DIRECTION('center_axis',(0.,0.,-1.));
#2745=DIRECTION('ref_axis',(1.,0.,0.));
#2746=DIRECTION('center_axis',(0.,0.,1.));
#2747=DIRECTION('ref_axis',(1.,0.,0.));
#2748=DIRECTION('',(0.,0.,1.));
#2749=DIRECTION('center_axis',(1.,0.,0.));
#2750=DIRECTION('ref_axis',(0.,1.,0.));
#2751=DIRECTION('',(0.,-1.,0.));
#2752=DIRECTION('',(0.,1.,0.));
#2753=DIRECTION('',(0.,0.,1.));
#2754=DIRECTION('center_axis',(0.,0.,1.));
#2755=DIRECTION('ref_axis',(0.,-1.,0.));
#2756=DIRECTION('center_axis',(0.,0.,-1.));
#2757=DIRECTION('ref_axis',(0.,-1.,0.));
#2758=DIRECTION('center_axis',(0.,0.,1.));
#2759=DIRECTION('ref_axis',(0.,-1.,0.));
#2760=DIRECTION('center_axis',(0.,0.,1.));
#2761=DIRECTION('ref_axis',(-1.,0.,0.));
#2762=DIRECTION('center_axis',(0.,0.,-1.));
#2763=DIRECTION('ref_axis',(-1.,0.,0.));
#2764=DIRECTION('',(0.,0.,-1.));
#2765=DIRECTION('center_axis',(0.,0.,1.));
#2766=DIRECTION('ref_axis',(-1.,0.,0.));
#2767=DIRECTION('center_axis',(0.,0.,1.));
#2768=DIRECTION('ref_axis',(-1.,0.,0.));
#2769=DIRECTION('center_axis',(0.,0.,1.));
#2770=DIRECTION('ref_axis',(-1.,0.,0.));
#2771=DIRECTION('',(0.,0.,-1.));
#2772=DIRECTION('center_axis',(0.,0.,-1.));
#2773=DIRECTION('ref_axis',(-1.,0.,0.));
#2774=DIRECTION('center_axis',(0.,0.,1.));
#2775=DIRECTION('ref_axis',(-1.,0.,0.));
#2776=DIRECTION('center_axis',(0.,0.,-1.));
#2777=DIRECTION('ref_axis',(-1.,0.,0.));
#2778=DIRECTION('center_axis',(0.,0.,1.));
#2779=DIRECTION('ref_axis',(-0.707106781186549,0.707106781186546,0.));
#2780=DIRECTION('',(0.,1.,0.));
#2781=DIRECTION('center_axis',(0.,0.,1.));
#2782=DIRECTION('ref_axis',(-0.707106781186547,-0.707106781186547,0.));
#2783=DIRECTION('',(-1.,0.,0.));
#2784=DIRECTION('',(-0.605107212207559,0.796143995602803,0.));
#2785=DIRECTION('center_axis',(0.,0.,-1.));
#2786=DIRECTION('ref_axis',(0.71435492195034,0.699783570459699,0.));
#2787=DIRECTION('',(-1.,0.,0.));
#2788=DIRECTION('center_axis',(0.,0.,1.));
#2789=DIRECTION('ref_axis',(0.957217359457932,-0.289369878792498,0.));
#2790=DIRECTION('center_axis',(0.,0.,-1.));
#2791=DIRECTION('ref_axis',(-0.705386493023753,0.708822894282945,0.));
#2792=DIRECTION('',(-0.711634571534006,-0.702549810759074,0.));
#2793=DIRECTION('center_axis',(0.,0.,-1.));
#2794=DIRECTION('ref_axis',(-0.508073056098504,0.861313978562247,0.));
#2795=DIRECTION('center_axis',(0.,0.,1.));
#2796=DIRECTION('ref_axis',(0.927064962448464,-0.374900727393837,0.));
#2797=DIRECTION('',(0.,-1.,0.));
#2798=DIRECTION('center_axis',(0.,0.,1.));
#2799=DIRECTION('ref_axis',(0.923507985065439,0.383579198498006,0.));
#2800=DIRECTION('center_axis',(0.,0.,-1.));
#2801=DIRECTION('ref_axis',(-0.73336171807082,-0.679838650319482,0.));
#2802=DIRECTION('',(0.728370047634373,-0.685183970703563,0.));
#2803=DIRECTION('center_axis',(0.,0.,-1.));
#2804=DIRECTION('ref_axis',(-0.744359369233648,-0.667779252024264,0.));
#2805=DIRECTION('center_axis',(0.,0.,1.));
#2806=DIRECTION('ref_axis',(0.997486056927787,0.0708630103414666,0.));
#2807=DIRECTION('',(1.,0.,0.));
#2808=DIRECTION('center_axis',(0.,0.,1.));
#2809=DIRECTION('ref_axis',(-0.731159284060173,0.682206787808957,0.));
#2810=DIRECTION('center_axis',(0.,0.,-1.));
#2811=DIRECTION('ref_axis',(0.361089177695084,-0.932531289422231,0.));
#2812=DIRECTION('',(0.61553730267675,0.788107752159202,0.));
#2813=DIRECTION('',(1.,0.,0.));
#2814=DIRECTION('center_axis',(0.,0.,-1.));
#2815=DIRECTION('ref_axis',(-1.,0.,0.));
#2816=DIRECTION('center_axis',(0.,0.,-1.));
#2817=DIRECTION('ref_axis',(-1.,0.,0.));
#2818=DIRECTION('center_axis',(0.,0.,-1.));
#2819=DIRECTION('ref_axis',(-1.,0.,0.));
#2820=DIRECTION('center_axis',(0.,0.,1.));
#2821=DIRECTION('ref_axis',(-1.,0.,0.));
#2822=DIRECTION('center_axis',(0.,0.,-1.));
#2823=DIRECTION('ref_axis',(-1.,0.,0.));
#2824=DIRECTION('',(0.,0.,-1.));
#2825=DIRECTION('center_axis',(0.,0.,1.));
#2826=DIRECTION('ref_axis',(-1.,0.,0.));
#2827=DIRECTION('center_axis',(0.,0.,1.));
#2828=DIRECTION('ref_axis',(-1.,0.,0.));
#2829=DIRECTION('center_axis',(0.,0.,1.));
#2830=DIRECTION('ref_axis',(-1.,0.,0.));
#2831=DIRECTION('',(0.,0.,-1.));
#2832=DIRECTION('center_axis',(0.,0.,1.));
#2833=DIRECTION('ref_axis',(-1.,0.,0.));
#2834=DIRECTION('center_axis',(0.,0.,-1.));
#2835=DIRECTION('ref_axis',(-1.,0.,0.));
#2836=DIRECTION('center_axis',(0.,0.,1.));
#2837=DIRECTION('ref_axis',(-1.,0.,0.));
#2838=DIRECTION('center_axis',(0.,0.,-1.));
#2839=DIRECTION('ref_axis',(-1.,0.,0.));
#2840=DIRECTION('',(0.,0.,-1.));
#2841=DIRECTION('center_axis',(0.,0.,1.));
#2842=DIRECTION('ref_axis',(-1.,0.,0.));
#2843=DIRECTION('center_axis',(0.,0.,1.));
#2844=DIRECTION('ref_axis',(-1.,0.,0.));
#2845=DIRECTION('center_axis',(0.,0.,1.));
#2846=DIRECTION('ref_axis',(-1.,0.,0.));
#2847=DIRECTION('',(0.,0.,-1.));
#2848=DIRECTION('center_axis',(0.,0.,1.));
#2849=DIRECTION('ref_axis',(-1.,0.,0.));
#2850=DIRECTION('center_axis',(0.,0.,-1.));
#2851=DIRECTION('ref_axis',(-1.,0.,0.));
#2852=DIRECTION('center_axis',(0.,0.,1.));
#2853=DIRECTION('ref_axis',(-1.,0.,0.));
#2854=DIRECTION('center_axis',(0.,0.,-1.));
#2855=DIRECTION('ref_axis',(-1.,0.,0.));
#2856=DIRECTION('',(0.,0.,-1.));
#2857=DIRECTION('center_axis',(0.,0.,1.));
#2858=DIRECTION('ref_axis',(-1.,0.,0.));
#2859=DIRECTION('center_axis',(0.,0.,1.));
#2860=DIRECTION('ref_axis',(-1.,0.,0.));
#2861=DIRECTION('center_axis',(0.,0.,1.));
#2862=DIRECTION('ref_axis',(-1.,0.,0.));
#2863=DIRECTION('',(0.,0.,-1.));
#2864=DIRECTION('center_axis',(0.,0.,1.));
#2865=DIRECTION('ref_axis',(-1.,0.,0.));
#2866=DIRECTION('center_axis',(0.,0.,-1.));
#2867=DIRECTION('ref_axis',(-1.,0.,0.));
#2868=DIRECTION('center_axis',(0.,0.,1.));
#2869=DIRECTION('ref_axis',(-0.883263930645758,-0.468876133771175,0.));
#2870=DIRECTION('',(0.,0.,-1.));
#2871=DIRECTION('center_axis',(0.,0.,1.));
#2872=DIRECTION('ref_axis',(-0.883263930645758,-0.468876133771175,0.));
#2873=DIRECTION('',(0.,0.,1.));
#2874=DIRECTION('center_axis',(0.,0.,-1.));
#2875=DIRECTION('ref_axis',(-0.883263930645758,-0.468876133771175,0.));
#2876=DIRECTION('',(0.,0.,-1.));
#2877=DIRECTION('center_axis',(0.,0.,-1.));
#2878=DIRECTION('ref_axis',(-0.707106781186548,0.707106781186548,0.));
#2879=DIRECTION('center_axis',(0.,0.,-1.));
#2880=DIRECTION('ref_axis',(-0.707106781186548,0.707106781186548,0.));
#2881=DIRECTION('',(0.,0.,-1.));
#2882=DIRECTION('center_axis',(0.,0.,1.));
#2883=DIRECTION('ref_axis',(0.,1.,0.));
#2884=DIRECTION('center_axis',(0.,0.,1.));
#2885=DIRECTION('ref_axis',(1.,0.,0.));
#2886=DIRECTION('center_axis',(0.,0.,1.));
#2887=DIRECTION('ref_axis',(0.303824708736017,0.95272794981646,0.));
#2888=DIRECTION('',(0.605107212207559,-0.796143995602803,0.));
#2889=DIRECTION('center_axis',(0.,0.,-1.));
#2890=DIRECTION('ref_axis',(-0.720550359179133,-0.693402610239407,0.));
#2891=DIRECTION('center_axis',(0.,0.,-1.));
#2892=DIRECTION('ref_axis',(-0.645481408846594,-0.763775982100391,0.));
#2893=DIRECTION('',(1.,0.,0.));
#2894=DIRECTION('center_axis',(0.,0.,-1.));
#2895=DIRECTION('ref_axis',(0.70710678118654,-0.707106781186555,0.));
#2896=DIRECTION('',(0.,1.,0.));
#2897=DIRECTION('center_axis',(0.,0.,-1.));
#2898=DIRECTION('ref_axis',(0.70710678118654,0.707106781186555,0.));
#2899=DIRECTION('',(-1.,0.,0.));
#2900=DIRECTION('center_axis',(0.,0.,-1.));
#2901=DIRECTION('ref_axis',(0.71435492195034,0.699783570459699,0.));
#2902=DIRECTION('',(-0.605107212207559,0.796143995602803,0.));
#2903=DIRECTION('',(-1.,0.,0.));
#2904=DIRECTION('center_axis',(0.,0.,1.));
#2905=DIRECTION('ref_axis',(-0.707106781186547,-0.707106781186547,0.));
#2906=DIRECTION('',(0.,1.,0.));
#2907=DIRECTION('center_axis',(0.,0.,-1.));
#2908=DIRECTION('ref_axis',(0.707106781186548,0.707106781186548,0.));
#2909=DIRECTION('',(-1.,0.,0.));
#2910=DIRECTION('center_axis',(0.,0.,-1.));
#2911=DIRECTION('ref_axis',(0.303824708736017,0.95272794981646,0.));
#2912=DIRECTION('center_axis',(0.,0.,-1.));
#2913=DIRECTION('ref_axis',(0.303824708736017,0.95272794981646,0.));
#2914=DIRECTION('',(0.,0.,1.));
#2915=DIRECTION('center_axis',(0.,0.,1.));
#2916=DIRECTION('ref_axis',(-0.870117582903034,0.492844186252594,0.));
#2917=DIRECTION('center_axis',(0.,0.,-1.));
#2918=DIRECTION('ref_axis',(-0.870117582903034,0.492844186252594,0.));
#2919=DIRECTION('',(0.,0.,-1.));
#2920=DIRECTION('center_axis',(0.,0.,1.));
#2921=DIRECTION('ref_axis',(-0.870117582903034,0.492844186252594,0.));
#2922=DIRECTION('',(0.,0.,1.));
#2923=DIRECTION('',(0.,0.,1.));
#2924=DIRECTION('center_axis',(0.,0.,1.));
#2925=DIRECTION('ref_axis',(1.,0.,0.));
#2926=DIRECTION('center_axis',(0.,0.,-1.));
#2927=DIRECTION('ref_axis',(-0.707106781186555,-0.70710678118654,0.));
#2928=DIRECTION('',(1.,0.,0.));
#2929=DIRECTION('center_axis',(0.,0.,-1.));
#2930=DIRECTION('ref_axis',(0.707106781186555,-0.70710678118654,0.));
#2931=DIRECTION('center_axis',(0.,0.,1.));
#2932=DIRECTION('ref_axis',(0.,-1.,0.));
#2933=DIRECTION('',(1.,0.,0.));
#2934=DIRECTION('',(0.61553730267675,0.788107752159202,0.));
#2935=DIRECTION('center_axis',(0.,0.,-1.));
#2936=DIRECTION('ref_axis',(0.361089177695084,-0.932531289422231,0.));
#2937=DIRECTION('center_axis',(0.,0.,1.));
#2938=DIRECTION('ref_axis',(-0.731159284060173,0.682206787808957,0.));
#2939=DIRECTION('',(1.,0.,0.));
#2940=DIRECTION('center_axis',(0.,0.,1.));
#2941=DIRECTION('ref_axis',(0.997486056927787,0.0708630103414666,0.));
#2942=DIRECTION('center_axis',(0.,0.,-1.));
#2943=DIRECTION('ref_axis',(-0.744359369233648,-0.667779252024264,0.));
#2944=DIRECTION('',(0.728370047634373,-0.685183970703563,0.));
#2945=DIRECTION('center_axis',(0.,0.,-1.));
#2946=DIRECTION('ref_axis',(-0.73336171807082,-0.679838650319482,0.));
#2947=DIRECTION('center_axis',(0.,0.,1.));
#2948=DIRECTION('ref_axis',(0.923507985065439,0.383579198498006,0.));
#2949=DIRECTION('',(0.,-1.,0.));
#2950=DIRECTION('center_axis',(0.,0.,1.));
#2951=DIRECTION('ref_axis',(0.927064962448464,-0.374900727393837,0.));
#2952=DIRECTION('center_axis',(0.,0.,-1.));
#2953=DIRECTION('ref_axis',(-0.508073056098504,0.861313978562247,0.));
#2954=DIRECTION('',(-0.711634571534006,-0.702549810759074,0.));
#2955=DIRECTION('center_axis',(0.,0.,-1.));
#2956=DIRECTION('ref_axis',(-0.705386493023753,0.708822894282945,0.));
#2957=DIRECTION('center_axis',(0.,0.,1.));
#2958=DIRECTION('ref_axis',(0.957217359457932,-0.289369878792498,0.));
#2959=DIRECTION('center_axis',(0.,0.,-1.));
#2960=DIRECTION('ref_axis',(-0.819852910606733,0.572574191672719,0.));
#2961=DIRECTION('',(0.,-1.,0.));
#2962=DIRECTION('center_axis',(0.,0.,-1.));
#2963=DIRECTION('ref_axis',(-0.65620430024074,-0.75458327330094,0.));
#2964=DIRECTION('center_axis',(0.,0.,-1.));
#2965=DIRECTION('ref_axis',(0.861115268679071,-0.508409769819357,0.));
#2966=DIRECTION('center_axis',(0.,0.,1.));
#2967=DIRECTION('ref_axis',(-0.629586029243511,0.776930776698535,0.));
#2968=DIRECTION('',(0.711634571534006,0.702549810759074,0.));
#2969=DIRECTION('center_axis',(0.,0.,-1.));
#2970=DIRECTION('ref_axis',(0.828215504431441,-0.560409741367308,0.));
#2971=DIRECTION('',(0.,1.,0.));
#2972=DIRECTION('center_axis',(0.,0.,-1.));
#2973=DIRECTION('ref_axis',(0.828215504431441,0.560409741367308,0.));
#2974=DIRECTION('',(-0.728370047634373,0.685183970703563,0.));
#2975=DIRECTION('center_axis',(0.,0.,-1.));
#2976=DIRECTION('ref_axis',(0.934007268819157,0.357254001787213,0.));
#2977=DIRECTION('',(-1.,0.,0.));
#2978=DIRECTION('center_axis',(0.,0.,-1.));
#2979=DIRECTION('ref_axis',(-0.563020263338296,0.82644309124735,0.));
#2980=DIRECTION('',(-0.61553730267675,-0.788107752159202,0.));
#2981=DIRECTION('center_axis',(0.,0.,1.));
#2982=DIRECTION('ref_axis',(0.319892902615651,-0.947453709083528,0.));
#2983=DIRECTION('center_axis',(0.,0.,1.));
#2984=DIRECTION('ref_axis',(-0.707106781186555,-0.70710678118654,0.));
#2985=DIRECTION('center_axis',(0.,0.,-1.));
#2986=DIRECTION('ref_axis',(0.,-1.,0.));
#2987=DIRECTION('',(0.,0.,1.));
#2988=DIRECTION('center_axis',(-1.,0.,0.));
#2989=DIRECTION('ref_axis',(0.,0.,1.));
#2990=DIRECTION('center_axis',(-1.,0.,0.));
#2991=DIRECTION('ref_axis',(0.,0.707106781186545,-0.70710678118655));
#2992=DIRECTION('center_axis',(0.,-1.,0.));
#2993=DIRECTION('ref_axis',(0.,0.,1.));
#2994=DIRECTION('center_axis',(1.,0.,0.));
#2995=DIRECTION('ref_axis',(0.,0.707106781186545,-0.70710678118655));
#2996=DIRECTION('center_axis',(0.,0.,1.));
#2997=DIRECTION('ref_axis',(0.319892902615651,-0.947453709083528,0.));
#2998=DIRECTION('',(0.,0.,-1.));
#2999=DIRECTION('center_axis',(0.,0.,-1.));
#3000=DIRECTION('ref_axis',(0.319892902615651,-0.947453709083528,0.));
#3001=DIRECTION('center_axis',(0.,0.,1.));
#3002=DIRECTION('ref_axis',(-0.707106781186549,0.707106781186546,0.));
#3003=DIRECTION('',(0.,0.,1.));
#3004=DIRECTION('center_axis',(3.70074341541719E-16,0.,1.));
#3005=DIRECTION('ref_axis',(0.,1.,0.));
#3006=DIRECTION('',(0.,0.,-1.));
#3007=DIRECTION('center_axis',(0.,0.,1.));
#3008=DIRECTION('ref_axis',(0.,1.,0.));
#3009=DIRECTION('center_axis',(0.,0.,1.));
#3010=DIRECTION('ref_axis',(0.,-1.,0.));
#3011=DIRECTION('',(0.,0.,-1.));
#3012=DIRECTION('',(0.,0.,1.));
#3013=DIRECTION('center_axis',(0.,1.,0.));
#3014=DIRECTION('ref_axis',(-1.,0.,0.));
#3015=DIRECTION('',(0.,0.,1.));
#3016=DIRECTION('center_axis',(0.,0.,-1.));
#3017=DIRECTION('ref_axis',(-1.,0.,0.));
#3018=DIRECTION('center_axis',(-1.,0.,0.));
#3019=DIRECTION('ref_axis',(0.,-1.,0.));
#3020=DIRECTION('center_axis',(1.,0.,0.));
#3021=DIRECTION('ref_axis',(0.,0.707106781186545,-0.70710678118655));
#3022=DIRECTION('',(0.,1.,-4.11039057536639E-17));
#3023=DIRECTION('center_axis',(1.,0.,0.));
#3024=DIRECTION('ref_axis',(0.,-0.707106781186547,-0.707106781186548));
#3025=DIRECTION('',(0.,0.,-1.));
#3026=DIRECTION('',(0.,0.,1.));
#3027=DIRECTION('center_axis',(0.,0.,1.));
#3028=DIRECTION('ref_axis',(-0.707106781186547,-0.707106781186547,0.));
#3029=DIRECTION('',(0.,0.,-1.));
#3030=DIRECTION('center_axis',(0.,-1.,0.));
#3031=DIRECTION('ref_axis',(1.,0.,0.));
#3032=DIRECTION('',(0.,0.,1.));
#3033=DIRECTION('center_axis',(0.,0.,1.));
#3034=DIRECTION('ref_axis',(-0.720550359179133,-0.693402610239407,0.));
#3035=DIRECTION('',(0.,0.,-1.));
#3036=DIRECTION('center_axis',(0.,0.,1.));
#3037=DIRECTION('ref_axis',(-0.720550359179133,-0.693402610239407,0.));
#3038=DIRECTION('',(0.,0.,1.));
#3039=DIRECTION('center_axis',(0.,0.,1.));
#3040=DIRECTION('ref_axis',(-0.645481408846594,-0.763775982100391,0.));
#3041=DIRECTION('center_axis',(0.,0.,1.));
#3042=DIRECTION('ref_axis',(-0.645481408846594,-0.763775982100391,0.));
#3043=DIRECTION('',(0.,0.,1.));
#3044=DIRECTION('center_axis',(0.,-1.,0.));
#3045=DIRECTION('ref_axis',(-1.,0.,0.));
#3046=DIRECTION('',(-1.,0.,0.));
#3047=DIRECTION('',(0.,0.,-1.));
#3048=DIRECTION('',(1.,0.,4.05432370025108E-17));
#3049=DIRECTION('center_axis',(0.,-1.,0.));
#3050=DIRECTION('ref_axis',(-0.707106781186552,0.,-0.707106781186542));
#3051=DIRECTION('',(0.,0.,-1.));
#3052=DIRECTION('',(1.,0.,0.));
#3053=DIRECTION('',(0.,0.,1.));
#3054=DIRECTION('center_axis',(0.,-1.,0.));
#3055=DIRECTION('ref_axis',(0.707106781186552,0.,-0.707106781186542));
#3056=DIRECTION('',(1.,0.,1.99621528358373E-17));
#3057=DIRECTION('center_axis',(0.,-1.,0.));
#3058=DIRECTION('ref_axis',(-0.707106781186552,0.,-0.707106781186542));
#3059=DIRECTION('',(0.,0.,-1.));
#3060=DIRECTION('center_axis',(0.,0.,-1.));
#3061=DIRECTION('ref_axis',(-1.,0.,0.));
#3062=DIRECTION('',(0.,1.,0.));
#3063=DIRECTION('',(0.61553730267675,0.788107752159202,0.));
#3064=DIRECTION('center_axis',(0.,0.,1.));
#3065=DIRECTION('ref_axis',(-0.563020263338296,0.82644309124735,0.));
#3066=DIRECTION('',(1.,0.,0.));
#3067=DIRECTION('center_axis',(0.,0.,1.));
#3068=DIRECTION('ref_axis',(0.934007268819157,0.357254001787213,0.));
#3069=DIRECTION('',(0.728370047634373,-0.685183970703563,0.));
#3070=DIRECTION('center_axis',(0.,0.,1.));
#3071=DIRECTION('ref_axis',(0.828215504431441,0.560409741367308,0.));
#3072=DIRECTION('',(0.,-1.,0.));
#3073=DIRECTION('center_axis',(0.,0.,1.));
#3074=DIRECTION('ref_axis',(0.828215504431441,-0.560409741367308,0.));
#3075=DIRECTION('',(-0.711634571534006,-0.702549810759074,0.));
#3076=DIRECTION('center_axis',(0.,0.,-1.));
#3077=DIRECTION('ref_axis',(-0.629586029243511,0.776930776698535,0.));
#3078=DIRECTION('center_axis',(0.,0.,1.));
#3079=DIRECTION('ref_axis',(0.861115268679071,-0.508409769819357,0.));
#3080=DIRECTION('',(-0.605107212207559,0.796143995602803,0.));
#3081=DIRECTION('center_axis',(0.,0.,1.));
#3082=DIRECTION('ref_axis',(0.71435492195034,0.699783570459699,0.));
#3083=DIRECTION('',(0.,0.,1.));
#3084=DIRECTION('',(0.,0.,1.));
#3085=DIRECTION('center_axis',(0.,0.,-1.));
#3086=DIRECTION('ref_axis',(0.707106781186555,-0.70710678118654,0.));
#3087=DIRECTION('',(0.,0.,-1.));
#3088=DIRECTION('center_axis',(0.,0.,1.));
#3089=DIRECTION('ref_axis',(0.,-1.,0.));
#3090=DIRECTION('center_axis',(1.,0.,0.));
#3091=DIRECTION('ref_axis',(0.,0.,-1.));
#3092=DIRECTION('center_axis',(-1.,0.,0.));
#3093=DIRECTION('ref_axis',(0.,0.707106781186545,-0.70710678118655));
#3094=DIRECTION('center_axis',(0.,1.,0.));
#3095=DIRECTION('ref_axis',(0.,0.,1.));
#3096=DIRECTION('center_axis',(0.,-1.,4.11039057536639E-17));
#3097=DIRECTION('ref_axis',(0.707106781186548,0.,0.707106781186548));
#3098=DIRECTION('center_axis',(0.,1.,0.));
#3099=DIRECTION('ref_axis',(0.,0.,1.));
#3100=DIRECTION('',(0.,-1.,4.11039057536639E-17));
#3101=DIRECTION('center_axis',(1.,0.,0.));
#3102=DIRECTION('ref_axis',(0.,0.,-1.));
#3103=DIRECTION('center_axis',(0.,0.,-1.));
#3104=DIRECTION('ref_axis',(0.,1.,0.));
#3105=DIRECTION('center_axis',(-1.,0.,0.));
#3106=DIRECTION('ref_axis',(0.,-0.707106781186547,-0.707106781186548));
#3107=DIRECTION('center_axis',(0.,0.,1.));
#3108=DIRECTION('ref_axis',(0.707106781186548,0.707106781186548,0.));
#3109=DIRECTION('',(0.,0.,1.));
#3110=DIRECTION('center_axis',(-1.,0.,0.));
#3111=DIRECTION('ref_axis',(0.,0.,1.));
#3112=DIRECTION('center_axis',(1.,0.,0.));
#3113=DIRECTION('ref_axis',(0.,-0.707106781186547,-0.707106781186548));
#3114=DIRECTION('center_axis',(0.,-1.,0.));
#3115=DIRECTION('ref_axis',(0.,0.,1.));
#3116=DIRECTION('center_axis',(-1.,0.,0.));
#3117=DIRECTION('ref_axis',(0.,-0.707106781186547,-0.707106781186548));
#3118=DIRECTION('center_axis',(0.,1.,-4.11039057536639E-17));
#3119=DIRECTION('ref_axis',(-0.707106781186548,0.,0.707106781186548));
#3120=DIRECTION('',(0.,-1.,4.11039057536639E-17));
#3121=DIRECTION('',(0.,1.,-4.11039057536639E-17));
#3122=DIRECTION('center_axis',(-1.,0.,0.));
#3123=DIRECTION('ref_axis',(0.,1.,0.));
#3124=DIRECTION('center_axis',(0.,0.,-1.));
#3125=DIRECTION('ref_axis',(0.70710678118654,0.707106781186555,0.));
#3126=DIRECTION('',(0.,0.,-1.));
#3127=DIRECTION('center_axis',(0.,0.,1.));
#3128=DIRECTION('ref_axis',(1.,0.,0.));
#3129=DIRECTION('',(0.,0.,1.));
#3130=DIRECTION('center_axis',(0.,1.,0.));
#3131=DIRECTION('ref_axis',(0.,0.,1.));
#3132=DIRECTION('center_axis',(-1.,0.,0.));
#3133=DIRECTION('ref_axis',(0.,0.,1.));
#3134=DIRECTION('center_axis',(0.,1.,0.));
#3135=DIRECTION('ref_axis',(-0.707106781186552,0.,-0.707106781186542));
#3136=DIRECTION('center_axis',(0.,-1.,0.));
#3137=DIRECTION('ref_axis',(-0.707106781186553,0.,-0.707106781186542));
#3138=DIRECTION('center_axis',(1.,0.,1.99621528358373E-17));
#3139=DIRECTION('ref_axis',(0.,0.707106781186548,0.707106781186548));
#3140=DIRECTION('center_axis',(-1.,0.,0.));
#3141=DIRECTION('ref_axis',(0.,0.,1.));
#3142=DIRECTION('',(-1.,0.,-1.99621528358373E-17));
#3143=DIRECTION('',(1.,0.,1.99621528358373E-17));
#3144=DIRECTION('center_axis',(0.,1.,0.));
#3145=DIRECTION('ref_axis',(0.,0.,1.));
#3146=DIRECTION('center_axis',(0.,0.,-1.));
#3147=DIRECTION('ref_axis',(-1.,0.,0.));
#3148=DIRECTION('center_axis',(0.,1.,0.));
#3149=DIRECTION('ref_axis',(0.707106781186552,0.,-0.707106781186542));
#3150=DIRECTION('center_axis',(0.,-1.,0.));
#3151=DIRECTION('ref_axis',(0.707106781186553,0.,-0.707106781186542));
#3152=DIRECTION('center_axis',(0.,0.,1.));
#3153=DIRECTION('ref_axis',(-0.70710678118654,0.707106781186555,0.));
#3154=DIRECTION('center_axis',(0.,0.,-1.));
#3155=DIRECTION('ref_axis',(-0.70710678118654,0.707106781186555,0.));
#3156=DIRECTION('',(0.,0.,-1.));
#3157=DIRECTION('',(0.,0.,1.));
#3158=DIRECTION('center_axis',(0.,1.,0.));
#3159=DIRECTION('ref_axis',(0.707106781186562,0.,-0.707106781186533));
#3160=DIRECTION('',(0.,-1.,0.));
#3161=DIRECTION('center_axis',(0.,1.,0.));
#3162=DIRECTION('ref_axis',(0.707106781186553,0.,-0.707106781186542));
#3163=DIRECTION('',(0.,1.,0.));
#3164=DIRECTION('center_axis',(1.99621528358373E-17,0.,-1.));
#3165=DIRECTION('ref_axis',(-1.,0.,-1.99621528358373E-17));
#3166=DIRECTION('',(0.,1.,0.));
#3167=DIRECTION('',(-1.,0.,-1.99621528358373E-17));
#3168=DIRECTION('center_axis',(0.,1.,0.));
#3169=DIRECTION('ref_axis',(-0.70710678118654,0.,-0.707106781186555));
#3170=DIRECTION('',(0.,-1.,0.));
#3171=DIRECTION('center_axis',(0.,1.,0.));
#3172=DIRECTION('ref_axis',(-0.707106781186553,0.,-0.707106781186542));
#3173=DIRECTION('center_axis',(-1.,0.,0.));
#3174=DIRECTION('ref_axis',(0.,0.,1.));
#3175=DIRECTION('',(0.,0.,1.));
#3176=DIRECTION('center_axis',(0.,0.,-1.));
#3177=DIRECTION('ref_axis',(-0.70710678118654,-0.707106781186555,0.));
#3178=DIRECTION('center_axis',(0.,0.,-1.));
#3179=DIRECTION('ref_axis',(-0.70710678118654,-0.707106781186555,0.));
#3180=DIRECTION('',(0.,0.,-1.));
#3181=DIRECTION('center_axis',(0.,0.,1.));
#3182=DIRECTION('ref_axis',(-1.,0.,0.));
#3183=DIRECTION('center_axis',(0.,-1.,0.));
#3184=DIRECTION('ref_axis',(0.,0.,-1.));
#3185=DIRECTION('center_axis',(1.,0.,0.));
#3186=DIRECTION('ref_axis',(0.,0.,1.));
#3187=DIRECTION('center_axis',(-1.,0.,-1.99621528358373E-17));
#3188=DIRECTION('ref_axis',(0.,-0.707106781186548,0.707106781186548));
#3189=DIRECTION('center_axis',(1.,0.,0.));
#3190=DIRECTION('ref_axis',(0.,0.,1.));
#3191=DIRECTION('center_axis',(0.,-1.,0.));
#3192=DIRECTION('ref_axis',(0.,0.,-1.));
#3193=DIRECTION('center_axis',(0.,0.,-1.));
#3194=DIRECTION('ref_axis',(1.,0.,0.));
#3195=DIRECTION('center_axis',(0.,0.,1.));
#3196=DIRECTION('ref_axis',(0.70710678118654,-0.707106781186555,0.));
#3197=DIRECTION('center_axis',(1.,0.,0.));
#3198=DIRECTION('ref_axis',(0.,0.,-1.));
#3199=DIRECTION('',(0.,-1.,0.));
#3200=DIRECTION('center_axis',(0.,0.,1.));
#3201=DIRECTION('ref_axis',(1.,0.,0.));
#3202=DIRECTION('center_axis',(0.,0.,-1.));
#3203=DIRECTION('ref_axis',(0.70710678118654,-0.707106781186555,0.));
#3204=DIRECTION('',(0.,1.,0.));
#3205=DIRECTION('center_axis',(0.,0.,-1.));
#3206=DIRECTION('ref_axis',(0.70710678118654,0.707106781186555,0.));
#3207=DIRECTION('',(-1.,0.,0.));
#3208=DIRECTION('center_axis',(0.,0.,-1.));
#3209=DIRECTION('ref_axis',(0.70710678118654,0.707106781186555,0.));
#3210=DIRECTION('',(0.,0.,-1.));
#3211=DIRECTION('center_axis',(0.,0.,1.));
#3212=DIRECTION('ref_axis',(1.,0.,0.));
#3213=DIRECTION('',(0.,0.,1.));
#3214=DIRECTION('center_axis',(0.,1.,0.));
#3215=DIRECTION('ref_axis',(0.,0.,1.));
#3216=DIRECTION('center_axis',(-1.,0.,0.));
#3217=DIRECTION('ref_axis',(0.,0.,1.));
#3218=DIRECTION('center_axis',(0.,1.,0.));
#3219=DIRECTION('ref_axis',(-0.707106781186552,0.,-0.707106781186542));
#3220=DIRECTION('center_axis',(0.,-1.,0.));
#3221=DIRECTION('ref_axis',(-0.707106781186553,0.,-0.707106781186542));
#3222=DIRECTION('center_axis',(1.,0.,4.05432370025108E-17));
#3223=DIRECTION('ref_axis',(0.,0.707106781186548,0.707106781186548));
#3224=DIRECTION('center_axis',(-1.,0.,0.));
#3225=DIRECTION('ref_axis',(0.,0.,1.));
#3226=DIRECTION('',(-1.,0.,-4.05432370025108E-17));
#3227=DIRECTION('',(1.,0.,4.05432370025108E-17));
#3228=DIRECTION('center_axis',(4.05432370025108E-17,0.,-1.));
#3229=DIRECTION('ref_axis',(-1.,0.,0.));
#3230=DIRECTION('center_axis',(-0.988095553969296,-0.153841399584476,8.53991319796221E-16));
#3231=DIRECTION('ref_axis',(0.,5.55111512312578E-15,1.));
#3232=DIRECTION('center_axis',(4.05432370025108E-17,0.,-1.));
#3233=DIRECTION('ref_axis',(0.0810332205382822,-0.996711401143377,0.));
#3234=DIRECTION('center_axis',(-4.05432370025108E-17,0.,1.));
#3235=DIRECTION('ref_axis',(0.0810332205382823,-0.996711401143377,3.2853490653603E-18));
#3236=DIRECTION('center_axis',(0.,0.,-1.));
#3237=DIRECTION('ref_axis',(-1.,0.,0.));
#3238=DIRECTION('center_axis',(0.,0.,1.));
#3239=DIRECTION('ref_axis',(-0.819852910606733,0.572574191672719,0.));
#3240=DIRECTION('',(0.,0.,-1.));
#3241=DIRECTION('',(0.,0.,1.));
#3242=DIRECTION('center_axis',(0.,1.,0.));
#3243=DIRECTION('ref_axis',(0.707106781186541,0.,-0.707106781186554));
#3244=DIRECTION('',(0.,-1.,0.));
#3245=DIRECTION('',(0.,1.,0.));
#3246=DIRECTION('center_axis',(4.05432370025108E-17,0.,-1.));
#3247=DIRECTION('ref_axis',(-1.,0.,-4.05432370025108E-17));
#3248=DIRECTION('',(0.,1.,0.));
#3249=DIRECTION('',(-1.,0.,-4.05432370025108E-17));
#3250=DIRECTION('center_axis',(4.05432370025108E-17,0.,-1.));
#3251=DIRECTION('ref_axis',(0.000416052431283589,-0.999999913450183,1.68681123270014E-20));
#3252=DIRECTION('center_axis',(0.,1.,0.));
#3253=DIRECTION('ref_axis',(-0.707106781186561,0.,-0.707106781186534));
#3254=DIRECTION('',(0.,-1.,0.));
#3255=DIRECTION('center_axis',(0.,1.,0.));
#3256=DIRECTION('ref_axis',(-0.707106781186553,0.,-0.707106781186542));
#3257=DIRECTION('center_axis',(-1.,0.,0.));
#3258=DIRECTION('ref_axis',(0.,0.,1.));
#3259=DIRECTION('',(0.,0.,1.));
#3260=DIRECTION('center_axis',(0.,0.,-1.));
#3261=DIRECTION('ref_axis',(-0.65620430024074,-0.75458327330094,0.));
#3262=DIRECTION('',(0.,0.,-1.));
#3263=DIRECTION('center_axis',(0.,0.,1.));
#3264=DIRECTION('ref_axis',(-1.,0.,0.));
#3265=DIRECTION('',(0.,0.,1.));
#3266=DIRECTION('center_axis',(0.999999629513154,0.000860798208179858,0.));
#3267=DIRECTION('ref_axis',(0.,0.,1.));
#3268=DIRECTION('center_axis',(4.05432370025108E-17,0.,-1.));
#3269=DIRECTION('ref_axis',(-1.,0.,0.));
#3270=DIRECTION('center_axis',(1.,0.,0.));
#3271=DIRECTION('ref_axis',(0.,0.,1.));
#3272=DIRECTION('center_axis',(-4.05432370025108E-17,0.,1.));
#3273=DIRECTION('ref_axis',(0.000416052431283589,-0.999999913450183,0.));
#3274=DIRECTION('center_axis',(-1.,0.,-4.05432370025108E-17));
#3275=DIRECTION('ref_axis',(0.,-0.707106781186548,0.707106781186548));
#3276=DIRECTION('center_axis',(1.,0.,0.));
#3277=DIRECTION('ref_axis',(0.,0.,1.));
#3278=DIRECTION('center_axis',(0.,-1.,0.));
#3279=DIRECTION('ref_axis',(0.,0.,-1.));
#3280=DIRECTION('center_axis',(0.,0.,-1.));
#3281=DIRECTION('ref_axis',(1.,0.,0.));
#3282=DIRECTION('center_axis',(0.,0.,1.));
#3283=DIRECTION('ref_axis',(0.70710678118654,-0.707106781186555,0.));
#3284=DIRECTION('center_axis',(1.,0.,0.));
#3285=DIRECTION('ref_axis',(0.,0.,-1.));
#3286=DIRECTION('center_axis',(0.,0.,-1.));
#3287=DIRECTION('ref_axis',(-0.705386493023753,0.708822894282945,0.));
#3288=DIRECTION('',(0.,0.,1.));
#3289=DIRECTION('',(0.,0.,1.));
#3290=DIRECTION('center_axis',(0.,0.,1.));
#3291=DIRECTION('ref_axis',(-0.744359369233648,-0.667779252024264,0.));
#3292=DIRECTION('',(0.,0.,-1.));
#3293=DIRECTION('',(0.,0.,1.));
#3294=DIRECTION('center_axis',(0.,0.,1.));
#3295=DIRECTION('ref_axis',(0.997486056927787,0.0708630103414666,0.));
#3296=DIRECTION('',(0.,0.,-1.));
#3297=DIRECTION('center_axis',(0.,0.,1.));
#3298=DIRECTION('ref_axis',(0.927064962448464,-0.374900727393837,0.));
#3299=DIRECTION('',(0.,0.,1.));
#3300=DIRECTION('',(0.,0.,-1.));
#3301=DIRECTION('center_axis',(0.,0.,1.));
#3302=DIRECTION('ref_axis',(-0.508073056098504,0.861313978562247,0.));
#3303=DIRECTION('',(0.,0.,1.));
#3304=DIRECTION('center_axis',(0.,0.,1.));
#3305=DIRECTION('ref_axis',(0.923507985065439,0.383579198498006,0.));
#3306=DIRECTION('',(0.,0.,1.));
#3307=DIRECTION('',(0.,0.,-1.));
#3308=DIRECTION('center_axis',(0.,0.,1.));
#3309=DIRECTION('ref_axis',(-0.73336171807082,-0.679838650319482,0.));
#3310=DIRECTION('',(0.,0.,1.));
#3311=DIRECTION('center_axis',(0.,0.,-1.));
#3312=DIRECTION('ref_axis',(0.828215504431441,0.560409741367308,0.));
#3313=DIRECTION('',(0.,0.,-1.));
#3314=DIRECTION('',(0.,0.,1.));
#3315=DIRECTION('center_axis',(0.,0.,1.));
#3316=DIRECTION('ref_axis',(0.828215504431441,-0.560409741367308,0.));
#3317=DIRECTION('',(0.,0.,1.));
#3318=DIRECTION('',(0.,0.,-1.));
#3319=DIRECTION('center_axis',(0.,0.,1.));
#3320=DIRECTION('ref_axis',(-0.629586029243511,0.776930776698535,0.));
#3321=DIRECTION('',(0.,0.,-1.));
#3322=DIRECTION('',(0.,0.,1.));
#3323=DIRECTION('center_axis',(0.,0.,-1.));
#3324=DIRECTION('ref_axis',(0.861115268679071,-0.508409769819357,0.));
#3325=DIRECTION('center_axis',(0.,0.,1.));
#3326=DIRECTION('ref_axis',(0.934007268819157,0.357254001787213,0.));
#3327=DIRECTION('',(0.,0.,1.));
#3328=DIRECTION('',(0.,0.,1.));
#3329=DIRECTION('center_axis',(0.,1.,0.));
#3330=DIRECTION('ref_axis',(1.,0.,0.));
#3331=DIRECTION('',(0.,0.,-1.));
#3332=DIRECTION('center_axis',(0.,1.,0.));
#3333=DIRECTION('ref_axis',(-0.707106781186547,0.,0.707106781186548));
#3334=DIRECTION('',(0.,0.,1.));
#3335=DIRECTION('center_axis',(0.,1.,0.));
#3336=DIRECTION('ref_axis',(-0.707106781186547,0.,-0.707106781186548));
#3337=DIRECTION('',(-1.,0.,0.));
#3338=DIRECTION('center_axis',(0.,1.,0.));
#3339=DIRECTION('ref_axis',(0.707106781186547,0.,-0.707106781186548));
#3340=DIRECTION('',(0.,0.,-1.));
#3341=DIRECTION('center_axis',(0.,1.,0.));
#3342=DIRECTION('ref_axis',(0.707106781186547,0.,0.707106781186548));
#3343=DIRECTION('',(1.,0.,0.));
#3344=DIRECTION('center_axis',(0.,1.,0.));
#3345=DIRECTION('ref_axis',(-0.707106781186547,0.,0.707106781186548));
#3346=DIRECTION('',(0.,0.,1.));
#3347=DIRECTION('center_axis',(0.,1.,0.));
#3348=DIRECTION('ref_axis',(-0.707106781186547,0.,-0.707106781186548));
#3349=DIRECTION('',(-1.,0.,0.));
#3350=DIRECTION('center_axis',(0.,1.,0.));
#3351=DIRECTION('ref_axis',(0.707106781186547,0.,-0.707106781186548));
#3352=DIRECTION('',(0.,0.,-1.));
#3353=DIRECTION('center_axis',(0.,1.,0.));
#3354=DIRECTION('ref_axis',(0.707106781186547,0.,0.707106781186548));
#3355=DIRECTION('',(1.,0.,0.));
#3356=DIRECTION('center_axis',(0.,0.,-1.));
#3357=DIRECTION('ref_axis',(0.957217359457932,-0.289369878792498,0.));
#3358=DIRECTION('',(0.,0.,1.));
#3359=DIRECTION('center_axis',(0.,-1.,0.));
#3360=DIRECTION('ref_axis',(1.,0.,0.));
#3361=DIRECTION('center_axis',(0.,1.,0.));
#3362=DIRECTION('ref_axis',(0.,0.,1.));
#3363=DIRECTION('center_axis',(0.,0.,1.));
#3364=DIRECTION('ref_axis',(1.,0.,0.));
#3365=DIRECTION('center_axis',(-1.,0.,0.));
#3366=DIRECTION('ref_axis',(0.,1.,0.));
#3367=DIRECTION('center_axis',(0.,-1.,0.));
#3368=DIRECTION('ref_axis',(-0.707106781186548,0.,0.707106781186547));
#3369=DIRECTION('center_axis',(-1.,0.,0.));
#3370=DIRECTION('ref_axis',(0.,0.707106781186546,-0.707106781186549));
#3371=DIRECTION('center_axis',(-1.,0.,0.));
#3372=DIRECTION('ref_axis',(0.,1.,0.));
#3373=DIRECTION('',(1.,0.,0.));
#3374=DIRECTION('center_axis',(0.,1.,0.));
#3375=DIRECTION('ref_axis',(0.,0.,1.));
#3376=DIRECTION('center_axis',(0.,0.,1.));
#3377=DIRECTION('ref_axis',(0.,1.,0.));
#3378=DIRECTION('center_axis',(0.,-1.,0.));
#3379=DIRECTION('ref_axis',(0.707106781186548,0.,0.707106781186547));
#3380=DIRECTION('center_axis',(0.,0.,1.));
#3381=DIRECTION('ref_axis',(-0.707106781186541,0.707106781186554,0.));
#3382=DIRECTION('center_axis',(0.,0.,1.));
#3383=DIRECTION('ref_axis',(0.,1.,0.));
#3384=DIRECTION('',(0.,0.,-1.));
#3385=DIRECTION('center_axis',(0.,1.,0.));
#3386=DIRECTION('ref_axis',(0.,0.,1.));
#3387=DIRECTION('center_axis',(1.,0.,0.));
#3388=DIRECTION('ref_axis',(0.,1.,0.));
#3389=DIRECTION('center_axis',(0.,-1.,0.));
#3390=DIRECTION('ref_axis',(0.707106781186548,0.,-0.707106781186547));
#3391=DIRECTION('center_axis',(1.,0.,0.));
#3392=DIRECTION('ref_axis',(0.,0.707106781186546,0.707106781186549));
#3393=DIRECTION('center_axis',(1.,0.,0.));
#3394=DIRECTION('ref_axis',(0.,1.,0.));
#3395=DIRECTION('',(-1.,0.,0.));
#3396=DIRECTION('center_axis',(0.,1.,0.));
#3397=DIRECTION('ref_axis',(0.,0.,1.));
#3398=DIRECTION('center_axis',(0.,0.,-1.));
#3399=DIRECTION('ref_axis',(0.,1.,0.));
#3400=DIRECTION('center_axis',(0.,-1.,0.));
#3401=DIRECTION('ref_axis',(-0.707106781186548,0.,-0.707106781186547));
#3402=DIRECTION('center_axis',(0.,0.,-1.));
#3403=DIRECTION('ref_axis',(0.707106781186541,0.707106781186554,0.));
#3404=DIRECTION('',(0.,0.,1.));
#3405=DIRECTION('center_axis',(0.,1.,0.));
#3406=DIRECTION('ref_axis',(0.,0.,1.));
#3407=DIRECTION('center_axis',(0.,0.,1.));
#3408=DIRECTION('ref_axis',(1.,0.,0.));
#3409=DIRECTION('center_axis',(-1.,0.,0.));
#3410=DIRECTION('ref_axis',(0.,1.,0.));
#3411=DIRECTION('center_axis',(0.,-1.,0.));
#3412=DIRECTION('ref_axis',(-0.707106781186546,0.,0.707106781186549));
#3413=DIRECTION('center_axis',(-1.,0.,0.));
#3414=DIRECTION('ref_axis',(0.,0.707106781186546,-0.707106781186549));
#3415=DIRECTION('center_axis',(-1.,0.,0.));
#3416=DIRECTION('ref_axis',(0.,1.,0.));
#3417=DIRECTION('',(1.,0.,0.));
#3418=DIRECTION('center_axis',(0.,1.,0.));
#3419=DIRECTION('ref_axis',(0.,0.,1.));
#3420=DIRECTION('center_axis',(0.,0.,1.));
#3421=DIRECTION('ref_axis',(0.,1.,0.));
#3422=DIRECTION('center_axis',(0.,-1.,0.));
#3423=DIRECTION('ref_axis',(0.707106781186546,0.,0.707106781186549));
#3424=DIRECTION('center_axis',(0.,0.,1.));
#3425=DIRECTION('ref_axis',(-0.707106781186541,0.707106781186554,0.));
#3426=DIRECTION('center_axis',(0.,0.,1.));
#3427=DIRECTION('ref_axis',(0.,1.,0.));
#3428=DIRECTION('',(0.,0.,-1.));
#3429=DIRECTION('center_axis',(0.,1.,0.));
#3430=DIRECTION('ref_axis',(0.,0.,1.));
#3431=DIRECTION('center_axis',(1.,0.,0.));
#3432=DIRECTION('ref_axis',(0.,1.,0.));
#3433=DIRECTION('center_axis',(0.,-1.,0.));
#3434=DIRECTION('ref_axis',(0.707106781186546,0.,-0.707106781186549));
#3435=DIRECTION('center_axis',(1.,0.,0.));
#3436=DIRECTION('ref_axis',(0.,0.707106781186546,0.707106781186549));
#3437=DIRECTION('center_axis',(1.,0.,0.));
#3438=DIRECTION('ref_axis',(0.,1.,0.));
#3439=DIRECTION('',(-1.,0.,0.));
#3440=DIRECTION('center_axis',(0.,1.,0.));
#3441=DIRECTION('ref_axis',(0.,0.,1.));
#3442=DIRECTION('center_axis',(0.,0.,-1.));
#3443=DIRECTION('ref_axis',(0.,1.,0.));
#3444=DIRECTION('center_axis',(0.,-1.,0.));
#3445=DIRECTION('ref_axis',(-0.707106781186546,0.,-0.707106781186549));
#3446=DIRECTION('center_axis',(0.,0.,-1.));
#3447=DIRECTION('ref_axis',(0.707106781186548,0.707106781186548,0.));
#3448=DIRECTION('',(0.,0.,1.));
#3449=DIRECTION('center_axis',(0.,0.,-1.));
#3450=DIRECTION('ref_axis',(0.361089177695084,-0.932531289422231,0.));
#3451=DIRECTION('',(0.,0.,1.));
#3452=DIRECTION('',(0.,0.,1.));
#3453=DIRECTION('center_axis',(0.,0.,-1.));
#3454=DIRECTION('ref_axis',(-0.731159284060173,0.682206787808957,0.));
#3455=DIRECTION('',(0.,0.,1.));
#3456=DIRECTION('center_axis',(0.,0.,-1.));
#3457=DIRECTION('ref_axis',(-0.563020263338296,0.82644309124735,0.));
#3458=DIRECTION('',(0.,0.,1.));
#3459=DIRECTION('center_axis',(1.,0.,0.));
#3460=DIRECTION('ref_axis',(0.,0.707106781186546,-0.707106781186549));
#3461=DIRECTION('',(-1.,0.,0.));
#3462=DIRECTION('',(1.,0.,0.));
#3463=DIRECTION('center_axis',(0.,-4.11039057536639E-17,-1.));
#3464=DIRECTION('ref_axis',(0.,1.,-4.11039057536639E-17));
#3465=DIRECTION('',(-1.,0.,0.));
#3466=DIRECTION('center_axis',(1.,0.,0.));
#3467=DIRECTION('ref_axis',(0.,-0.707106781186548,-0.707106781186547));
#3468=DIRECTION('',(1.,0.,0.));
#3469=DIRECTION('center_axis',(0.,-1.,0.));
#3470=DIRECTION('ref_axis',(0.,0.,-1.));
#3471=DIRECTION('center_axis',(0.,1.,0.));
#3472=DIRECTION('ref_axis',(0.,0.,1.));
#3473=DIRECTION('center_axis',(0.,1.,0.));
#3474=DIRECTION('ref_axis',(-1.,0.,0.));
#3475=DIRECTION('center_axis',(0.685183970703563,0.728370047634373,0.));
#3476=DIRECTION('ref_axis',(-0.728370047634373,0.685183970703563,0.));
#3477=DIRECTION('center_axis',(1.,0.,0.));
#3478=DIRECTION('ref_axis',(0.,1.,0.));
#3479=DIRECTION('center_axis',(0.702549810759074,-0.711634571534006,0.));
#3480=DIRECTION('ref_axis',(0.711634571534006,0.702549810759074,0.));
#3481=DIRECTION('center_axis',(-0.796143995602803,-0.605107212207559,0.));
#3482=DIRECTION('ref_axis',(0.605107212207559,-0.796143995602803,0.));
#3483=DIRECTION('center_axis',(-0.788107752159202,0.61553730267675,0.));
#3484=DIRECTION('ref_axis',(-0.61553730267675,-0.788107752159202,0.));
#3485=DIRECTION('center_axis',(-0.788107752159202,0.61553730267675,0.));
#3486=DIRECTION('ref_axis',(0.61553730267675,0.788107752159202,0.));
#3487=DIRECTION('center_axis',(0.685183970703563,0.728370047634373,0.));
#3488=DIRECTION('ref_axis',(0.728370047634373,-0.685183970703563,0.));
#3489=DIRECTION('center_axis',(1.,0.,0.));
#3490=DIRECTION('ref_axis',(0.,-1.,0.));
#3491=DIRECTION('center_axis',(-0.796143995602803,-0.605107212207559,0.));
#3492=DIRECTION('ref_axis',(-0.605107212207559,0.796143995602803,0.));
#3493=DIRECTION('center_axis',(0.702549810759074,-0.711634571534006,0.));
#3494=DIRECTION('ref_axis',(-0.711634571534006,-0.702549810759074,0.));
#3495=CARTESIAN_POINT('',(0.,0.,0.));
#3496=CARTESIAN_POINT('Origin',(61.94412496825,6.985013970028,1.600050800102));
#3497=CARTESIAN_POINT('',(63.15112522225,6.985013970028,-0.900000000000001));
#3498=CARTESIAN_POINT('',(61.94412496825,6.985013970028,-0.900000000000001));
#3499=CARTESIAN_POINT('',(47.3453899477984,6.985013970028,-0.9));
#3500=CARTESIAN_POINT('',(63.15112522225,6.985013970028,-2.456475));
#3501=CARTESIAN_POINT('',(63.15112522225,6.985013970028,1.600050800102));
#3502=CARTESIAN_POINT('',(61.94412496825,6.985013970028,-2.456475));
#3503=CARTESIAN_POINT('',(47.3404434935037,6.985013970028,-2.456475));
#3504=CARTESIAN_POINT('',(61.94412496825,6.985013970028,1.600050800102));
#3505=CARTESIAN_POINT('Origin',(61.94412496825,8.985019050038,1.600050800102));
#3506=CARTESIAN_POINT('',(59.94411988824,8.985019050038,-0.900000000000001));
#3507=CARTESIAN_POINT('Origin',(61.94412496825,8.985019050038,-0.900000000000001));
#3508=CARTESIAN_POINT('',(59.94411988824,8.985019050038,-2.456475));
#3509=CARTESIAN_POINT('Origin',(61.94412496825,8.985019050038,-2.456475));
#3510=CARTESIAN_POINT('',(59.94411988824,8.985019050038,1.600050800102));
#3511=CARTESIAN_POINT('Origin',(59.94411988824,17.685034290069,1.600050800102));
#3512=CARTESIAN_POINT('',(59.94411988824,17.685034290069,-0.900000000000001));
#3513=CARTESIAN_POINT('',(59.94411988824,15.3805697234465,-0.9));
#3514=CARTESIAN_POINT('',(59.94411988824,17.685034290069,-2.456475));
#3515=CARTESIAN_POINT('',(59.94411988824,15.3093353688919,-2.456475));
#3516=CARTESIAN_POINT('',(59.94411988824,17.685034290069,1.600050800102));
#3517=CARTESIAN_POINT('Origin',(61.94412496825,17.685034290069,1.600050800102));
#3518=CARTESIAN_POINT('',(61.94412496825,19.685039370079,-0.900000000000001));
#3519=CARTESIAN_POINT('Origin',(61.94412496825,17.685034290069,-0.900000000000001));
#3520=CARTESIAN_POINT('',(61.94412496825,19.685039370079,-2.456475));
#3521=CARTESIAN_POINT('Origin',(61.94412496825,17.685034290069,-2.456475));
#3522=CARTESIAN_POINT('',(61.94412496825,19.685039370079,1.600050800102));
#3523=CARTESIAN_POINT('Origin',(63.15112522225,19.685039370079,1.600050800102));
#3524=CARTESIAN_POINT('',(63.15112522225,19.685039370079,-0.900000000000001));
#3525=CARTESIAN_POINT('',(47.9488900747984,19.685039370079,-0.9));
#3526=CARTESIAN_POINT('',(63.15112522225,19.685039370079,-2.456475));
#3527=CARTESIAN_POINT('',(47.9439436205037,19.685039370079,-2.456475));
#3528=CARTESIAN_POINT('',(63.15112522225,19.685039370079,1.600050800102));
#3529=CARTESIAN_POINT('Origin',(63.15112522225,17.685034290069,1.600050800102));
#3530=CARTESIAN_POINT('',(65.15113030226,17.685034290069,-0.900000000000001));
#3531=CARTESIAN_POINT('Origin',(63.15112522225,17.685034290069,-0.900000000000001));
#3532=CARTESIAN_POINT('',(65.15113030226,17.685034290069,-2.456475));
#3533=CARTESIAN_POINT('Origin',(63.15112522225,17.685034290069,-2.456475));
#3534=CARTESIAN_POINT('',(65.15113030226,17.685034290069,1.600050800102));
#3535=CARTESIAN_POINT('Origin',(65.15113030226,8.985019050038,1.600050800102));
#3536=CARTESIAN_POINT('',(65.15113030226,8.985019050038,-0.900000000000001));
#3537=CARTESIAN_POINT('',(65.15113030226,11.030562103431,-0.9));
#3538=CARTESIAN_POINT('',(65.15113030226,8.985019050038,-2.456475));
#3539=CARTESIAN_POINT('',(65.15113030226,10.9593277488764,-2.456475));
#3540=CARTESIAN_POINT('',(65.15113030226,8.985019050038,1.600050800102));
#3541=CARTESIAN_POINT('Origin',(63.15112522225,8.985019050038,1.600050800102));
#3542=CARTESIAN_POINT('Origin',(63.15112522225,8.985019050038,-0.900000000000001));
#3543=CARTESIAN_POINT('Origin',(63.15112522225,8.985019050038,-2.456475));
#3544=CARTESIAN_POINT('Origin',(60.5831741286927,1.79460209850413,-0.9));
#3545=CARTESIAN_POINT('',(61.2014615471012,1.79460209850413,8.1));
#3546=CARTESIAN_POINT('Origin',(60.5831741286927,1.79460209850413,8.1));
#3547=CARTESIAN_POINT('',(61.2014615471012,1.79460209850413,-0.9));
#3548=CARTESIAN_POINT('',(61.2014615471012,1.79460209850413,-0.9));
#3549=CARTESIAN_POINT('Origin',(60.5831741286927,1.79460209850413,-0.9));
#3550=CARTESIAN_POINT('Origin',(60.5831741286927,1.79460209850413,-0.9));
#3551=CARTESIAN_POINT('',(61.4943031145498,1.79460209850413,8.1));
#3552=CARTESIAN_POINT('Origin',(60.5831741286927,1.79460209850413,8.1));
#3553=CARTESIAN_POINT('',(61.4943031145498,1.79460209850413,-0.9));
#3554=CARTESIAN_POINT('',(61.4943031145498,1.79460209850413,-0.9));
#3555=CARTESIAN_POINT('Origin',(60.5831741286927,1.79460209850413,-0.9));
#3556=CARTESIAN_POINT('Origin',(60.5831741286927,1.79460209850413,8.1));
#3557=CARTESIAN_POINT('Origin',(32.7466549273467,13.0761051568239,-0.9));
#3558=CARTESIAN_POINT('',(-1.25000002980232,20.7213748440154,-0.9));
#3559=CARTESIAN_POINT('',(-2.00000002980232,19.9713748440154,-0.9));
#3560=CARTESIAN_POINT('Origin',(-1.25000002980232,19.9713748440154,-0.9));
#3561=CARTESIAN_POINT('',(-2.00000002980232,6.25000007450581,-0.9));
#3562=CARTESIAN_POINT('',(-2.00000002980232,9.03805261566486,-0.9));
#3563=CARTESIAN_POINT('',(-0.750000029802322,5.00000007450581,-0.9));
#3564=CARTESIAN_POINT('Origin',(-0.750000029802322,6.25000007450581,-0.9));
#3565=CARTESIAN_POINT('',(-0.68099439787856,5.00000007450581,-0.9));
#3566=CARTESIAN_POINT('',(16.0328302647341,5.00000007450581,-0.9));
#3567=CARTESIAN_POINT('',(5.37179460544732,-2.96369879477099,-0.9));
#3568=CARTESIAN_POINT('',(6.51990439792676,-4.47427526640251,-0.9));
#3569=CARTESIAN_POINT('',(6.448989816836,-3.98813678498757,-0.9));
#3570=CARTESIAN_POINT('Origin',(-8.55246354412114,-18.6835917646412,-0.9));
#3571=CARTESIAN_POINT('',(57.3760348175765,-3.98813678498757,-0.9));
#3572=CARTESIAN_POINT('',(46.0185622319195,-3.98813678498757,-0.9));
#3573=CARTESIAN_POINT('',(58.786807803624,-3.40578257355347,-0.9));
#3574=CARTESIAN_POINT('Origin',(57.3760348175765,-1.98813678498757,-0.9));
#3575=CARTESIAN_POINT('',(59.6748135184858,-2.56687654257257,-0.9));
#3576=CARTESIAN_POINT('Origin',(75.3633903896822,-20.0631205892027,-0.9));
#3577=CARTESIAN_POINT('',(66.5000009909272,4.17118026209153,-0.9));
#3578=CARTESIAN_POINT('',(60.1793002068688,-2.06883015523937,-0.9));
#3579=CARTESIAN_POINT('',(66.6500065520931,4.33520279036297,-0.9));
#3580=CARTESIAN_POINT('Origin',(69.5256021088897,1.55474416025682,-0.9));
#3581=CARTESIAN_POINT('',(67.4933098844957,6.42054676294259,-0.9));
#3582=CARTESIAN_POINT('Origin',(64.4933098844957,6.42054676294259,-0.9));
#3583=CARTESIAN_POINT('',(67.4933098844957,19.2600165836022,-0.9));
#3584=CARTESIAN_POINT('',(67.4933098844957,16.8987400004197,-0.9));
#3585=CARTESIAN_POINT('',(66.6105118753735,21.3854472999096,-0.9));
#3586=CARTESIAN_POINT('Origin',(64.4933098844957,19.2600165836022,-0.9));
#3587=CARTESIAN_POINT('',(66.5000009909272,21.500000320375,-0.9));
#3588=CARTESIAN_POINT('Origin',(69.4334478632105,24.2193549216529,-0.9));
#3589=CARTESIAN_POINT('',(62.8472870826826,24.9361397218012,-0.9));
#3590=CARTESIAN_POINT('',(56.043816964959,31.3362225985822,-0.9));
#3591=CARTESIAN_POINT('',(58.8918836054638,29.345144087304,-0.9));
#3592=CARTESIAN_POINT('Origin',(86.8287260573073,50.4290913890042,-0.9));
#3593=CARTESIAN_POINT('',(57.2954926082156,30.1403470986354,-0.9));
#3594=CARTESIAN_POINT('Origin',(57.2954926082156,28.1403470986354,-0.9));
#3595=CARTESIAN_POINT('',(10.1047862371369,30.1403470986354,-0.9));
#3596=CARTESIAN_POINT('',(19.5978223720913,30.1403470986354,-0.9));
#3597=CARTESIAN_POINT('',(8.29934034866144,29.8030035457466,-0.9));
#3598=CARTESIAN_POINT('Origin',(10.1047862371369,25.1403470986354,-0.9));
#3599=CARTESIAN_POINT('',(4.870715993503,28.5513810376802,-0.9));
#3600=CARTESIAN_POINT('Origin',(-25.6430423546764,117.460944751436,-0.9));
#3601=CARTESIAN_POINT('',(-1.24476869648523,20.7213748440154,-0.9));
#3602=CARTESIAN_POINT('',(3.34027415654991,26.5918684773749,-0.9));
#3603=CARTESIAN_POINT('',(15.3733274487722,20.7213748440154,-0.9));
#3604=CARTESIAN_POINT('',(61.4672599257776,23.6195678098659,-0.9));
#3605=CARTESIAN_POINT('Origin',(60.570020870252,23.6195678098659,-0.9));
#3606=CARTESIAN_POINT('',(7.47476234597468,1.77214577224875,-0.9));
#3607=CARTESIAN_POINT('Origin',(6.4736684739537,1.77214577224875,-0.9));
#3608=CARTESIAN_POINT('',(7.40646019812213,23.631422750268,-0.9));
#3609=CARTESIAN_POINT('Origin',(6.48339086808825,23.631422750268,-0.9));
#3610=CARTESIAN_POINT('Origin',(60.570020870252,23.6195678098659,-0.9));
#3611=CARTESIAN_POINT('',(61.156831487507,23.6195678098659,8.1));
#3612=CARTESIAN_POINT('Origin',(60.570020870252,23.6195678098659,8.1));
#3613=CARTESIAN_POINT('',(61.156831487507,23.6195678098659,-0.9));
#3614=CARTESIAN_POINT('',(61.156831487507,23.6195678098659,-0.9));
#3615=CARTESIAN_POINT('Origin',(60.570020870252,23.6195678098659,-0.9));
#3616=CARTESIAN_POINT('Origin',(60.570020870252,23.6195678098659,-0.9));
#3617=CARTESIAN_POINT('',(61.4672599257776,23.6195678098659,8.1));
#3618=CARTESIAN_POINT('Origin',(60.570020870252,23.6195678098659,8.1));
#3619=CARTESIAN_POINT('',(61.4672599257776,23.6195678098659,-0.9));
#3620=CARTESIAN_POINT('Origin',(60.570020870252,23.6195678098659,8.1));
#3621=CARTESIAN_POINT('Origin',(32.7466549273467,13.0761051568239,-0.9));
#3622=CARTESIAN_POINT('Origin',(6.48339086808825,23.631422750268,-0.9));
#3623=CARTESIAN_POINT('',(7.11999121620117,23.631422750268,8.1));
#3624=CARTESIAN_POINT('Origin',(6.48339086808825,23.631422750268,8.1));
#3625=CARTESIAN_POINT('',(7.11999121620117,23.631422750268,-0.9));
#3626=CARTESIAN_POINT('',(7.11999121620117,23.631422750268,-0.9));
#3627=CARTESIAN_POINT('Origin',(6.48339086808825,23.631422750268,-0.9));
#3628=CARTESIAN_POINT('Origin',(6.48339086808825,23.631422750268,-0.9));
#3629=CARTESIAN_POINT('',(7.40646019812213,23.631422750268,8.1));
#3630=CARTESIAN_POINT('Origin',(6.48339086808825,23.631422750268,8.1));
#3631=CARTESIAN_POINT('',(7.40646019812213,23.631422750268,-0.9));
#3632=CARTESIAN_POINT('Origin',(6.48339086808825,23.631422750268,8.1));
#3633=CARTESIAN_POINT('Origin',(32.7466549273467,13.0761051568239,-0.9));
#3634=CARTESIAN_POINT('Origin',(6.4736684739537,1.77214577224875,-0.9));
#3635=CARTESIAN_POINT('',(7.01939383269878,1.77214577224875,8.1));
#3636=CARTESIAN_POINT('Origin',(6.4736684739537,1.77214577224875,8.1));
#3637=CARTESIAN_POINT('',(7.01939383269878,1.77214577224875,-0.9));
#3638=CARTESIAN_POINT('',(7.01939383269878,1.77214577224875,-0.9));
#3639=CARTESIAN_POINT('Origin',(6.4736684739537,1.77214577224875,-0.9));
#3640=CARTESIAN_POINT('Origin',(6.4736684739537,1.77214577224875,-0.9));
#3641=CARTESIAN_POINT('',(7.47476234597468,1.77214577224875,8.1));
#3642=CARTESIAN_POINT('Origin',(6.4736684739537,1.77214577224875,8.1));
#3643=CARTESIAN_POINT('',(7.47476234597468,1.77214577224875,-0.9));
#3644=CARTESIAN_POINT('Origin',(6.4736684739537,1.77214577224875,8.1));
#3645=CARTESIAN_POINT('Origin',(32.7466549273467,13.0761051568239,-0.9));
#3646=CARTESIAN_POINT('Origin',(0.181895502471747,6.70578447126215,-0.9));
#3647=CARTESIAN_POINT('',(-3.3126444235972,6.51036004824896,2.59846751383301));
#3648=CARTESIAN_POINT('',(-3.31810449752825,6.70578447126215,2.23732840098508));
#3649=CARTESIAN_POINT('Ctrl Pts',(-3.3126444235972,6.51036004824896,2.59846751383301));
#3650=CARTESIAN_POINT('Ctrl Pts',(-3.3126444235972,6.51036004824896,2.54995936541917));
#3651=CARTESIAN_POINT('Ctrl Pts',(-3.3131340718733,6.51862456423697,2.50186248178634));
#3652=CARTESIAN_POINT('Ctrl Pts',(-3.31486212320247,6.55394404635121,2.40165471111018));
#3653=CARTESIAN_POINT('Ctrl Pts',(-3.31619652336362,6.58390129078418,2.35160980268015));
#3654=CARTESIAN_POINT('Ctrl Pts',(-3.31766177447905,6.64558141566172,2.28349569809385));
#3655=CARTESIAN_POINT('Ctrl Pts',(-3.31804847364565,6.67138487958217,2.26093004943174));
#3656=CARTESIAN_POINT('Ctrl Pts',(-3.31810260258312,6.70159104643794,2.24013643655783));
#3657=CARTESIAN_POINT('Ctrl Pts',(-3.31810449752825,6.70368177169231,2.23872342960008));
#3658=CARTESIAN_POINT('Ctrl Pts',(-3.31810449752825,6.70578447126215,2.23732840098508));
#3659=CARTESIAN_POINT('',(-3.31810449752825,6.70578447126215,-2.456475));
#3660=CARTESIAN_POINT('',(-3.31810449752825,6.70578447126215,-0.9));
#3661=CARTESIAN_POINT('',(-1.77919069578682,3.80679483295715,-2.456475));
#3662=CARTESIAN_POINT('Origin',(0.181895502471747,6.70578447126215,-2.456475));
#3663=CARTESIAN_POINT('',(-1.77919069578682,3.80679483295715,8.3));
#3664=CARTESIAN_POINT('',(-1.77919069578682,3.80679483295715,-0.9));
#3665=CARTESIAN_POINT('',(-3.3126444235972,6.51036004824896,8.3));
#3666=CARTESIAN_POINT('Origin',(0.181895502471747,6.70578447126215,8.3));
#3667=CARTESIAN_POINT('',(-3.3126444235972,6.51036004824897,-0.9));
#3668=CARTESIAN_POINT('Origin',(-3.21810449752825,6.4777686018423,4.4782375));
#3669=CARTESIAN_POINT('',(-3.21810449752825,6.5777686018423,8.3));
#3670=CARTESIAN_POINT('Origin',(-3.21810449752825,6.4777686018423,8.3));
#3671=CARTESIAN_POINT('',(-3.21810449752825,6.5777686018423,2.59846751383301));
#3672=CARTESIAN_POINT('',(-3.21810449752825,6.5777686018423,4.4782375));
#3673=CARTESIAN_POINT('Origin',(-3.21810449752825,6.4777686018423,2.59846751383301));
#3674=CARTESIAN_POINT('Origin',(32.7367620187574,12.9336364477147,8.3));
#3675=CARTESIAN_POINT('',(-0.364188776327538,2.46774158339392,8.3));
#3676=CARTESIAN_POINT('Origin',(-5.14105274994436,-1.16290168985143,8.3));
#3677=CARTESIAN_POINT('',(4.29694556770338,-3.66494704736946,8.3));
#3678=CARTESIAN_POINT('',(5.52257433190482,-5.27751579844618,8.3));
#3679=CARTESIAN_POINT('',(4.37740669299936,-3.74855834602315,8.3));
#3680=CARTESIAN_POINT('Origin',(4.69501756550479,-3.36239344126568,8.3));
#3681=CARTESIAN_POINT('',(7.23590454554821,-4.77307420320598,8.3));
#3682=CARTESIAN_POINT('Origin',(7.23590454554821,-0.273074203205976,8.3));
#3683=CARTESIAN_POINT('',(28.5814207934698,-4.77307420320598,8.3));
#3684=CARTESIAN_POINT('',(46.5083566333474,-4.77307420320598,8.3));
#3685=CARTESIAN_POINT('',(28.6814207934698,-4.67307420320598,8.3));
#3686=CARTESIAN_POINT('Origin',(28.5814207934698,-4.67307420320598,8.3));
#3687=CARTESIAN_POINT('',(28.6814207934698,-4.08813678498757,8.3));
#3688=CARTESIAN_POINT('',(28.6814207934698,4.08028112225437,8.3));
#3689=CARTESIAN_POINT('',(28.5814207934698,-3.98813678498757,8.3));
#3690=CARTESIAN_POINT('Origin',(28.5814207934698,-4.08813678498757,8.3));
#3691=CARTESIAN_POINT('',(6.448989816836,-3.98813678498757,8.3));
#3692=CARTESIAN_POINT('',(19.5928759177967,-3.98813678498757,8.3));
#3693=CARTESIAN_POINT('',(5.37179460544732,-2.96369879477099,8.3));
#3694=CARTESIAN_POINT('Origin',(-8.55246354412114,-18.6835917646412,8.3));
#3695=CARTESIAN_POINT('',(-0.68099439787856,5.00000007450581,8.3));
#3696=CARTESIAN_POINT('',(3.52601605510497,-0.535194423278792,8.3));
#3697=CARTESIAN_POINT('',(-0.750000029802322,5.00000007450581,8.3));
#3698=CARTESIAN_POINT('',(15.3683809944776,5.00000007450581,8.3));
#3699=CARTESIAN_POINT('',(-2.00000002980232,6.25000007450581,8.3));
#3700=CARTESIAN_POINT('Origin',(-0.750000029802322,6.25000007450581,8.3));
#3701=CARTESIAN_POINT('',(-2.00000002980232,6.4777686018423,8.3));
#3702=CARTESIAN_POINT('',(-2.00000002980232,16.8275056458651,8.3));
#3703=CARTESIAN_POINT('',(-2.10000002980232,6.5777686018423,8.3));
#3704=CARTESIAN_POINT('Origin',(-2.10000002980232,6.4777686018423,8.3));
#3705=CARTESIAN_POINT('',(14.7093287606146,6.5777686018423,8.3));
#3706=CARTESIAN_POINT('Origin',(-5.14105274994436,-1.16290168985143,-0.9));
#3707=CARTESIAN_POINT('',(-0.364188776327539,2.46774158339392,-2.456475));
#3708=CARTESIAN_POINT('Origin',(-5.14105274994436,-1.16290168985143,-2.456475));
#3709=CARTESIAN_POINT('',(-0.364188776327538,2.46774158339393,-0.9));
#3710=CARTESIAN_POINT('Origin',(-1.81810449752825,19.9169618307481,-0.9));
#3711=CARTESIAN_POINT('',(-3.30291771619153,20.1298695705858,8.3));
#3712=CARTESIAN_POINT('',(-2.58941832175931,21.2034590070178,8.3));
#3713=CARTESIAN_POINT('Origin',(-1.81810449752825,19.9169618307481,8.3));
#3714=CARTESIAN_POINT('',(-2.58941832175931,21.2034590070178,-2.456475));
#3715=CARTESIAN_POINT('',(-2.58941832175931,21.2034590070178,-0.9));
#3716=CARTESIAN_POINT('',(-3.31810449752825,19.9169618307481,-2.456475));
#3717=CARTESIAN_POINT('Origin',(-1.81810449752825,19.9169618307481,-2.456475));
#3718=CARTESIAN_POINT('',(-3.31810449752825,19.9169618307481,2.22162074070289));
#3719=CARTESIAN_POINT('',(-3.31810449752825,19.9169618307481,-0.9));
#3720=CARTESIAN_POINT('',(-3.30291771619153,20.1298695705858,2.59846751383301));
#3721=CARTESIAN_POINT('Ctrl Pts',(-3.31810449752825,19.9169618307481,2.22162074070289));
#3722=CARTESIAN_POINT('Ctrl Pts',(-3.31810449752825,19.9185611587182,2.2226282319448));
#3723=CARTESIAN_POINT('Ctrl Pts',(-3.31810193961214,19.9201543713491,2.2236454135988));
#3724=CARTESIAN_POINT('Ctrl Pts',(-3.31801240249971,19.9482543882375,2.24182636545006));
#3725=CARTESIAN_POINT('Ctrl Pts',(-3.31722701078068,19.9729942786653,2.26163943513485));
#3726=CARTESIAN_POINT('Ctrl Pts',(-3.31471771559744,20.0208529447424,2.30867589142176));
#3727=CARTESIAN_POINT('Ctrl Pts',(-3.31289665654181,20.0432871545392,2.33643739389983));
#3728=CARTESIAN_POINT('Ctrl Pts',(-3.30849255042417,20.0885534668098,2.40832851076715));
#3729=CARTESIAN_POINT('Ctrl Pts',(-3.30595163312663,20.1078448778373,2.4541991661231));
#3730=CARTESIAN_POINT('Ctrl Pts',(-3.30345834363592,20.1261925216241,2.53393904782396));
#3731=CARTESIAN_POINT('Ctrl Pts',(-3.30291771619153,20.1298695705858,2.56611929888462));
#3732=CARTESIAN_POINT('Ctrl Pts',(-3.30291771619153,20.1298695705858,2.59846751383301));
#3733=CARTESIAN_POINT('',(-3.30291771619153,20.1298695705858,-0.9));
#3734=CARTESIAN_POINT('Origin',(32.7367620187574,12.9336364477147,8.3));
#3735=CARTESIAN_POINT('',(-3.21810449752825,20.0828480373433,8.3));
#3736=CARTESIAN_POINT('Origin',(-3.21810449752825,20.1828480373433,8.3));
#3737=CARTESIAN_POINT('',(-2.10000002980232,20.0828480373433,8.3));
#3738=CARTESIAN_POINT('',(14.7093287606146,20.0828480373433,8.3));
#3739=CARTESIAN_POINT('',(-2.00314433587358,20.1579688381283,8.3));
#3740=CARTESIAN_POINT('Origin',(-2.10000002980232,20.1828480373433,8.3));
#3741=CARTESIAN_POINT('',(-1.27672663140801,20.7213748440154,8.3));
#3742=CARTESIAN_POINT('Origin',(-1.27672663140801,19.9713748440154,8.3));
#3743=CARTESIAN_POINT('',(-1.24476869648523,20.7213748440154,8.3));
#3744=CARTESIAN_POINT('',(15.7459966611361,20.7213748440154,8.3));
#3745=CARTESIAN_POINT('',(4.870715993503,28.5513810376802,8.3));
#3746=CARTESIAN_POINT('',(6.36158588062525,30.4602273584348,8.3));
#3747=CARTESIAN_POINT('',(8.29934034866144,29.8030035457466,8.3));
#3748=CARTESIAN_POINT('Origin',(-25.6430423546764,117.460944751436,8.3));
#3749=CARTESIAN_POINT('',(10.1047862371369,30.1403470986354,8.3));
#3750=CARTESIAN_POINT('Origin',(10.1047862371369,25.1403470986354,8.3));
#3751=CARTESIAN_POINT('',(57.2954926082156,30.1403470986354,8.3));
#3752=CARTESIAN_POINT('',(46.0136133704143,30.1403470986354,8.3));
#3753=CARTESIAN_POINT('',(58.8918836054638,29.345144087304,8.3));
#3754=CARTESIAN_POINT('Origin',(57.2954926082156,28.1403470986354,8.3));
#3755=CARTESIAN_POINT('',(62.8472870826826,24.9361397218012,8.3));
#3756=CARTESIAN_POINT('Origin',(86.8287260573073,50.4290913890042,8.3));
#3757=CARTESIAN_POINT('',(66.5000009909272,21.500000320375,8.3));
#3758=CARTESIAN_POINT('',(59.6815116418951,27.9142119172732,8.3));
#3759=CARTESIAN_POINT('',(66.6105118753735,21.3854472999096,8.3));
#3760=CARTESIAN_POINT('Origin',(69.4334478632105,24.2193549216529,8.3));
#3761=CARTESIAN_POINT('',(67.4933098844957,19.2600165836022,8.3));
#3762=CARTESIAN_POINT('Origin',(64.4933098844957,19.2600165836022,8.3));
#3763=CARTESIAN_POINT('',(67.4933098844957,6.42054676294259,8.3));
#3764=CARTESIAN_POINT('',(67.4933098844957,8.96681826111026,8.3));
#3765=CARTESIAN_POINT('',(66.6500065520931,4.33520279036297,8.3));
#3766=CARTESIAN_POINT('Origin',(64.4933098844957,6.42054676294259,8.3));
#3767=CARTESIAN_POINT('',(66.5000009909272,4.17118026209153,8.3));
#3768=CARTESIAN_POINT('Origin',(69.5256021088897,1.55474416025682,8.3));
#3769=CARTESIAN_POINT('',(59.6748135184858,-2.56687654257257,8.3));
#3770=CARTESIAN_POINT('',(56.7285872309595,-5.4754911652337,8.3));
#3771=CARTESIAN_POINT('',(58.786807803624,-3.40578257355347,8.3));
#3772=CARTESIAN_POINT('Origin',(75.3633903896822,-20.0631205892027,8.3));
#3773=CARTESIAN_POINT('',(58.0646699976979,-3.86584325531225,8.3));
#3774=CARTESIAN_POINT('Origin',(57.3760348175765,-1.98813678498757,8.3));
#3775=CARTESIAN_POINT('',(57.9991017567039,-3.95972857882849,8.3));
#3776=CARTESIAN_POINT('Origin',(58.0991017567039,-3.95972857882849,8.3));
#3777=CARTESIAN_POINT('',(57.9991017567039,-4.64500677841894,8.3));
#3778=CARTESIAN_POINT('',(57.9991017567039,4.08028112225437,8.3));
#3779=CARTESIAN_POINT('',(58.112980939973,-4.74403893618491,8.3));
#3780=CARTESIAN_POINT('Origin',(58.0991017567039,-4.64500677841894,8.3));
#3781=CARTESIAN_POINT('',(59.5853635296307,-4.10386653330158,8.3));
#3782=CARTESIAN_POINT('Origin',(57.6966054419002,-1.77307420320598,8.3));
#3783=CARTESIAN_POINT('',(60.6787657808529,-3.29830351266405,8.3));
#3784=CARTESIAN_POINT('Origin',(68.8717574609725,-15.563595489605,8.3));
#3785=CARTESIAN_POINT('',(67.7609215616317,3.69344113069565,8.3));
#3786=CARTESIAN_POINT('',(61.2022463930535,-2.78150567884775,8.3));
#3787=CARTESIAN_POINT('',(68.7916285350431,7.0558995788995,8.3));
#3788=CARTESIAN_POINT('Origin',(62.7916285350431,7.0558995788995,8.3));
#3789=CARTESIAN_POINT('',(68.7916285350431,18.3122328159696,8.3));
#3790=CARTESIAN_POINT('',(68.7916285350431,16.9001934931719,8.3));
#3791=CARTESIAN_POINT('',(67.7609215616317,21.6746912641735,8.3));
#3792=CARTESIAN_POINT('Origin',(62.7916285350431,18.3122328159696,8.3));
#3793=CARTESIAN_POINT('',(60.2799462522532,28.712109103997,8.3));
#3794=CARTESIAN_POINT('',(56.9110622070858,31.8812473111552,8.3));
#3795=CARTESIAN_POINT('',(57.4779244457958,30.6403470986354,8.3));
#3796=CARTESIAN_POINT('Origin',(57.4779244457958,27.6403470986354,8.3));
#3797=CARTESIAN_POINT('',(9.15998648576833,30.6403470986354,8.3));
#3798=CARTESIAN_POINT('',(19.0928759177967,30.6403470986354,8.3));
#3799=CARTESIAN_POINT('',(3.81129398405451,28.9915564654852,8.3));
#3800=CARTESIAN_POINT('Origin',(9.15998648576833,21.1403470986354,8.3));
#3801=CARTESIAN_POINT('',(-1.56229881173994,22.1114370626544,8.3));
#3802=CARTESIAN_POINT('',(2.22323101194014,26.9582682572845,8.3));
#3803=CARTESIAN_POINT('Origin',(-4.51770288233695,24.4197019476922,8.3));
#3804=CARTESIAN_POINT('Origin',(-3.21810449752825,20.1828480373433,1.47747125691651));
#3805=CARTESIAN_POINT('',(-3.21810449752825,20.0828480373433,2.59846751383301));
#3806=CARTESIAN_POINT('Origin',(-3.21810449752825,20.1828480373433,2.59846751383301));
#3807=CARTESIAN_POINT('',(-3.21810449752825,20.0828480373433,1.47747125691651));
#3808=CARTESIAN_POINT('Origin',(-3.21810449752825,19.7828480373433,2.59846751383301));
#3809=CARTESIAN_POINT('',(-3.31810449752825,19.7828480373433,2.19846751383301));
#3810=CARTESIAN_POINT('Origin',(-3.31810449752825,19.7828480373433,2.59846751383301));
#3811=CARTESIAN_POINT('',(-3.21810449752825,19.7828480373433,2.29846751383301));
#3812=CARTESIAN_POINT('Origin',(-3.21810449752825,19.7828480373433,2.19846751383301));
#3813=CARTESIAN_POINT('Origin',(-3.21810449752825,19.7828480373433,2.59846751383301));
#3814=CARTESIAN_POINT('Origin',(-4.51770288233695,24.4197019476922,-0.9));
#3815=CARTESIAN_POINT('',(-1.56229881173994,22.1114370626544,-2.456475));
#3816=CARTESIAN_POINT('',(-1.56229881173994,22.1114370626544,-0.9));
#3817=CARTESIAN_POINT('Origin',(-4.51770288233695,24.4197019476922,-2.456475));
#3818=CARTESIAN_POINT('Origin',(-1.25000002980232,19.9713748440154,-0.9));
#3819=CARTESIAN_POINT('',(-1.25000002980232,20.7213748440154,2.24568196542434));
#3820=CARTESIAN_POINT('',(-1.25000002980232,20.7213748440154,-0.9));
#3821=CARTESIAN_POINT('',(-2.00000002980232,19.9713748440154,2.24568196542434));
#3822=CARTESIAN_POINT('Origin',(-1.25000002980232,19.9713748440154,2.24568196542434));
#3823=CARTESIAN_POINT('',(-2.00000002980232,19.9713748440154,-0.9));
#3824=CARTESIAN_POINT('Ctrl Pts',(-2.00000002980232,19.9713748440154,2.24568196542434));
#3825=CARTESIAN_POINT('Ctrl Pts',(-2.00000002980232,19.9899129077902,2.26153480825562));
#3826=CARTESIAN_POINT('Ctrl Pts',(-2.00100645562035,20.0404367903178,2.29722779023057));
#3827=CARTESIAN_POINT('Ctrl Pts',(-2.00314433587358,20.1579688381283,2.46441555215197));
#3828=CARTESIAN_POINT('Ctrl Pts',(-2.00314433587358,20.1579688381283,2.59846751383301));
#3829=CARTESIAN_POINT('Ctrl Pts',(-2.00000002980232,20.1957743192719,2.24568196542434));
#3830=CARTESIAN_POINT('Ctrl Pts',(-1.99428391528485,20.2107640358828,2.26142394503916));
#3831=CARTESIAN_POINT('Ctrl Pts',(-1.97971968529941,20.2520549689852,2.30003581594973));
#3832=CARTESIAN_POINT('Ctrl Pts',(-1.95625189693103,20.3405229338021,2.46862101626189));
#3833=CARTESIAN_POINT('Ctrl Pts',(-1.95625189693103,20.3405229338021,2.59846751383301));
#3834=CARTESIAN_POINT('Ctrl Pts',(-1.81170326104735,20.5843349236219,2.24568196542434));
#3835=CARTESIAN_POINT('Ctrl Pts',(-1.80288918275848,20.5888500616715,2.27027863952695));
#3836=CARTESIAN_POINT('Ctrl Pts',(-1.78095184943363,20.601274571698,2.3315367276366));
#3837=CARTESIAN_POINT('Ctrl Pts',(-1.74828675984869,20.6258659515681,2.48784067750548));
#3838=CARTESIAN_POINT('Ctrl Pts',(-1.74828675984869,20.6258659515681,2.59846751383301));
#3839=CARTESIAN_POINT('Ctrl Pts',(-1.41829963624463,20.7213748440154,2.24568196542434));
#3840=CARTESIAN_POINT('Ctrl Pts',(-1.41567428728398,20.7213270424956,2.28845617436081));
#3841=CARTESIAN_POINT('Ctrl Pts',(-1.41511751507378,20.7213156139562,2.38925351488711));
#3842=CARTESIAN_POINT('Ctrl Pts',(-1.4180870060042,20.7213748440154,2.5181349040464));
#3843=CARTESIAN_POINT('Ctrl Pts',(-1.4180870060042,20.7213748440154,2.59846751383301));
#3844=CARTESIAN_POINT('Ctrl Pts',(-1.25000002980232,20.7213748440154,2.24568196542434));
#3845=CARTESIAN_POINT('Ctrl Pts',(-1.25000002980232,20.7213748440154,2.29622462829047));
#3846=CARTESIAN_POINT('Ctrl Pts',(-1.25855464925557,20.7213748440154,2.41393074800269));
#3847=CARTESIAN_POINT('Ctrl Pts',(-1.27672663140801,20.7213748440154,2.5310961811557));
#3848=CARTESIAN_POINT('Ctrl Pts',(-1.27672663140801,20.7213748440154,2.59846751383301));
#3849=CARTESIAN_POINT('',(-1.27672663140801,20.7213748440154,2.59846751383301));
#3850=CARTESIAN_POINT('',(-2.00314433587358,20.1579688381283,2.59846751383301));
#3851=CARTESIAN_POINT('Origin',(-1.27672663140801,19.9713748440154,2.59846751383301));
#3852=CARTESIAN_POINT('Ctrl Pts',(-2.00314433587358,20.1579688381283,2.59846751383301));
#3853=CARTESIAN_POINT('Ctrl Pts',(-2.00314433587358,20.1579688381283,2.46441555215197));
#3854=CARTESIAN_POINT('Ctrl Pts',(-2.00100645562035,20.0404367903178,2.29722779023057));
#3855=CARTESIAN_POINT('Ctrl Pts',(-2.00000002980232,19.9899129077902,2.26153480825562));
#3856=CARTESIAN_POINT('Ctrl Pts',(-2.00000002980232,19.9713748440154,2.24568196542434));
#3857=CARTESIAN_POINT('Ctrl Pts',(-1.25000002980232,20.7213748440154,2.24568196542434));
#3858=CARTESIAN_POINT('Ctrl Pts',(-1.25000002980232,20.7213748440154,2.29622462829047));
#3859=CARTESIAN_POINT('Ctrl Pts',(-1.25855464925557,20.7213748440154,2.41393074800269));
#3860=CARTESIAN_POINT('Ctrl Pts',(-1.27672663140801,20.7213748440154,2.5310961811557));
#3861=CARTESIAN_POINT('Ctrl Pts',(-1.27672663140801,20.7213748440154,2.59846751383301));
#3862=CARTESIAN_POINT('Origin',(-1.27672663140801,19.9713748440154,0.699233756916505));
#3863=CARTESIAN_POINT('',(-2.00314433587358,20.1579688381283,0.699233756916505));
#3864=CARTESIAN_POINT('',(-1.27672663140801,20.7213748440154,0.699233756916505));
#3865=CARTESIAN_POINT('Origin',(-1.24476869648523,20.7213748440154,-0.9));
#3866=CARTESIAN_POINT('',(-1.24476869648523,20.7213748440154,-0.9));
#3867=CARTESIAN_POINT('Origin',(32.7466549273467,13.0761051568239,-0.9));
#3868=CARTESIAN_POINT('Origin',(-2.00000002980232,20.7213748440154,-0.9));
#3869=CARTESIAN_POINT('',(-2.00000002980232,19.7828480373433,2.19846751383301));
#3870=CARTESIAN_POINT('Origin',(-2.00000002980232,19.7828480373433,2.59846751383301));
#3871=CARTESIAN_POINT('',(-2.00000002980232,6.8777686018423,2.19846751383301));
#3872=CARTESIAN_POINT('',(-2.00000002980232,13.6495717229289,2.19846751383301));
#3873=CARTESIAN_POINT('',(-2.00000002980232,6.4777686018423,2.59846751383301));
#3874=CARTESIAN_POINT('Origin',(-2.00000002980232,6.8777686018423,2.59846751383301));
#3875=CARTESIAN_POINT('',(-2.00000002980232,6.4777686018423,3.7));
#3876=CARTESIAN_POINT('',(-2.00000002980232,6.25000007450581,-0.9));
#3877=CARTESIAN_POINT('Origin',(-0.750000029802322,6.25000007450581,-0.9));
#3878=CARTESIAN_POINT('',(-0.750000029802322,5.00000007450581,-0.9));
#3879=CARTESIAN_POINT('Origin',(-2.00000002980232,5.00000007450581,-0.9));
#3880=CARTESIAN_POINT('',(-0.68099439787856,5.00000007450581,-0.9));
#3881=CARTESIAN_POINT('Origin',(4.69501756550479,-3.36239344126568,-0.9));
#3882=CARTESIAN_POINT('',(4.29694556770338,-3.66494704736946,-2.456475));
#3883=CARTESIAN_POINT('',(4.29694556770338,-3.66494704736946,-0.9));
#3884=CARTESIAN_POINT('',(4.37740669299936,-3.74855834602315,-2.456475));
#3885=CARTESIAN_POINT('Origin',(4.69501756550479,-3.36239344126568,-2.456475));
#3886=CARTESIAN_POINT('',(4.37740669299936,-3.74855834602315,-0.9));
#3887=CARTESIAN_POINT('Origin',(7.23590454554821,-0.273074203205976,-0.9));
#3888=CARTESIAN_POINT('',(7.23590454554821,-4.77307420320598,-2.456475));
#3889=CARTESIAN_POINT('Origin',(7.23590454554821,-0.273074203205976,-2.456475));
#3890=CARTESIAN_POINT('',(7.23590454554821,-4.77307420320598,-0.9));
#3891=CARTESIAN_POINT('Origin',(60.2799512479374,-4.77307420320598,0.656475));
#3892=CARTESIAN_POINT('',(57.6966054419002,-4.77307420320598,-2.456475));
#3893=CARTESIAN_POINT('',(60.2799512479374,-4.77307420320598,-2.456475));
#3894=CARTESIAN_POINT('',(57.6966054419002,-4.77307420320598,2.21919684570475));
#3895=CARTESIAN_POINT('',(57.6966054419002,-4.77307420320598,-0.9));
#3896=CARTESIAN_POINT('',(44.6072618012953,-4.77307420320598,2.21919684570475));
#3897=CARTESIAN_POINT('',(59.1395265023207,-4.77307420320598,2.21919684570475));
#3898=CARTESIAN_POINT('',(44.2072618012953,-4.77307420320598,2.61919684570475));
#3899=CARTESIAN_POINT('Origin',(44.6072618012953,-4.77307420320598,2.61919684570475));
#3900=CARTESIAN_POINT('',(44.2072618012953,-4.77307420320598,8.3));
#3901=CARTESIAN_POINT('',(44.2072618012953,-4.77307420320598,1.48783592285238));
#3902=CARTESIAN_POINT('',(42.6855201378053,-4.77307420320598,8.3));
#3903=CARTESIAN_POINT('',(46.5083566333474,-4.77307420320598,8.3));
#3904=CARTESIAN_POINT('',(42.6855201378053,-4.77307420320598,2.61919684570475));
#3905=CARTESIAN_POINT('',(42.6855201378053,-4.77307420320598,4.4782375));
#3906=CARTESIAN_POINT('',(42.2855201378053,-4.77307420320598,2.21919684570475));
#3907=CARTESIAN_POINT('Origin',(42.2855201378053,-4.77307420320598,2.61919684570475));
#3908=CARTESIAN_POINT('',(28.9814207934698,-4.77307420320598,2.21919684570475));
#3909=CARTESIAN_POINT('',(51.4327356928713,-4.77307420320598,2.21919684570475));
#3910=CARTESIAN_POINT('',(28.5814207934698,-4.77307420320598,2.61919684570475));
#3911=CARTESIAN_POINT('Origin',(28.9814207934698,-4.77307420320598,2.61919684570475));
#3912=CARTESIAN_POINT('',(28.5814207934698,-4.77307420320598,1.48783592285238));
#3913=CARTESIAN_POINT('Origin',(32.7367620187574,12.9336364477147,-2.456475));
#3914=CARTESIAN_POINT('',(-3.31810449752825,20.866750538629,-2.456475));
#3915=CARTESIAN_POINT('',(3.81129398405452,28.9915564654852,-2.456475));
#3916=CARTESIAN_POINT('',(3.81129398405451,28.9915564654852,-2.456475));
#3917=CARTESIAN_POINT('',(9.15998648576833,30.6403470986354,-2.456475));
#3918=CARTESIAN_POINT('Origin',(9.15998648576833,21.1403470986354,-2.456475));
#3919=CARTESIAN_POINT('',(57.4779244457958,30.6403470986354,-2.456475));
#3920=CARTESIAN_POINT('',(60.2799462522532,30.6403470986354,-2.456475));
#3921=CARTESIAN_POINT('',(60.2799462522532,28.712109103997,-2.456475));
#3922=CARTESIAN_POINT('Origin',(57.4779244457958,27.6403470986354,-2.456475));
#3923=CARTESIAN_POINT('',(67.7609215616317,21.6746912641735,-2.456475));
#3924=CARTESIAN_POINT('',(60.2799462522532,28.712109103997,-2.456475));
#3925=CARTESIAN_POINT('',(68.7916285350431,18.3122328159696,-2.456475));
#3926=CARTESIAN_POINT('Origin',(62.7916285350431,18.3122328159696,-2.456475));
#3927=CARTESIAN_POINT('',(68.7916285350431,7.0558995788995,-2.456475));
#3928=CARTESIAN_POINT('',(68.7916285350431,4.55346600904733,-2.456475));
#3929=CARTESIAN_POINT('',(67.7609215616317,3.69344113069565,-2.456475));
#3930=CARTESIAN_POINT('Origin',(62.7916285350431,7.0558995788995,-2.456475));
#3931=CARTESIAN_POINT('',(60.6787657808529,-3.29830351266405,-2.456475));
#3932=CARTESIAN_POINT('',(67.7609215616317,3.69344113069565,-2.456475));
#3933=CARTESIAN_POINT('',(59.5853635296307,-4.10386653330158,-2.456475));
#3934=CARTESIAN_POINT('Origin',(68.8717574609725,-15.563595489605,-2.456475));
#3935=CARTESIAN_POINT('Origin',(57.6966054419002,-1.77307420320598,-2.456475));
#3936=CARTESIAN_POINT('',(-1.94943830356256,4.55346600904733,-2.456475));
#3937=CARTESIAN_POINT('Origin',(-8.55246354412114,-18.6835917646412,-0.9));
#3938=CARTESIAN_POINT('',(5.37179460544732,-2.96369879477099,-0.9));
#3939=CARTESIAN_POINT('',(6.448989816836,-3.98813678498757,-0.9));
#3940=CARTESIAN_POINT('Origin',(-2.10000002980232,20.1828480373433,0.699233756916505));
#3941=CARTESIAN_POINT('',(-2.10000002980232,20.0828480373433,2.59846751383301));
#3942=CARTESIAN_POINT('',(-2.10000002980232,20.0828480373433,0.699233756916505));
#3943=CARTESIAN_POINT('Origin',(-2.10000002980232,20.1828480373433,2.59846751383301));
#3944=CARTESIAN_POINT('Origin',(-2.10000002980232,19.7828480373433,2.59846751383301));
#3945=CARTESIAN_POINT('',(-2.10000002980232,19.7828480373433,2.29846751383301));
#3946=CARTESIAN_POINT('Origin',(-2.10000002980232,19.7828480373433,2.59846751383301));
#3947=CARTESIAN_POINT('Origin',(-2.10000002980232,19.7828480373433,2.19846751383301));
#3948=CARTESIAN_POINT('Origin',(-2.10000002980232,13.6495717229289,2.19846751383301));
#3949=CARTESIAN_POINT('',(-2.10000002980232,6.8777686018423,2.29846751383301));
#3950=CARTESIAN_POINT('Origin',(-2.10000002980232,6.8777686018423,2.19846751383301));
#3951=CARTESIAN_POINT('',(-2.10000002980232,13.6495717229289,2.29846751383301));
#3952=CARTESIAN_POINT('Origin',(-2.10000002980232,6.8777686018423,2.59846751383301));
#3953=CARTESIAN_POINT('',(-2.10000002980232,6.5777686018423,2.59846751383301));
#3954=CARTESIAN_POINT('Origin',(-2.10000002980232,6.4777686018423,2.59846751383301));
#3955=CARTESIAN_POINT('Origin',(-2.10000002980232,6.8777686018423,2.59846751383301));
#3956=CARTESIAN_POINT('Origin',(-2.10000002980232,6.4777686018423,3.7));
#3957=CARTESIAN_POINT('',(-2.10000002980232,6.5777686018423,3.7));
#3958=CARTESIAN_POINT('Origin',(-3.21810449752825,6.8777686018423,2.59846751383301));
#3959=CARTESIAN_POINT('',(-3.21810449752825,6.8777686018423,2.29846751383301));
#3960=CARTESIAN_POINT('Origin',(-3.21810449752825,6.8777686018423,2.59846751383301));
#3961=CARTESIAN_POINT('',(-3.31810449752825,6.8777686018423,2.19846751383301));
#3962=CARTESIAN_POINT('Origin',(-3.21810449752825,6.8777686018423,2.19846751383301));
#3963=CARTESIAN_POINT('Origin',(-3.31810449752825,6.8777686018423,2.59846751383301));
#3964=CARTESIAN_POINT('Origin',(-3.21810449752825,5.56561730544481,2.19846751383301));
#3965=CARTESIAN_POINT('',(-3.31810449752825,5.56561730544481,2.19846751383301));
#3966=CARTESIAN_POINT('',(-3.21810449752825,5.56561730544481,2.29846751383301));
#3967=CARTESIAN_POINT('Origin',(-3.31810449752825,4.55346600904733,0.656475));
#3968=CARTESIAN_POINT('Origin',(28.5814207934698,-4.08813678498757,0.709598422852375));
#3969=CARTESIAN_POINT('',(28.6814207934698,-4.08813678498757,2.61919684570475));
#3970=CARTESIAN_POINT('',(28.6814207934698,-4.08813678498757,0.709598422852375));
#3971=CARTESIAN_POINT('',(28.5814207934698,-3.98813678498757,2.61919684570475));
#3972=CARTESIAN_POINT('Origin',(28.5814207934698,-4.08813678498757,2.61919684570475));
#3973=CARTESIAN_POINT('',(28.5814207934698,-3.98813678498757,0.709598422852375));
#3974=CARTESIAN_POINT('Origin',(28.9814207934698,-4.08813678498757,2.61919684570475));
#3975=CARTESIAN_POINT('',(28.9814207934698,-4.08813678498757,2.31919684570475));
#3976=CARTESIAN_POINT('',(28.9814207934698,-3.98813678498757,2.21919684570475));
#3977=CARTESIAN_POINT('Origin',(28.9814207934698,-4.08813678498757,2.21919684570475));
#3978=CARTESIAN_POINT('Origin',(28.9814207934698,-3.98813678498757,2.61919684570475));
#3979=CARTESIAN_POINT('Origin',(28.9814207934698,-4.08813678498757,2.61919684570475));
#3980=CARTESIAN_POINT('Origin',(24.5172549773206,-4.08813678498757,2.21919684570475));
#3981=CARTESIAN_POINT('',(42.2855201378053,-4.08813678498757,2.31919684570475));
#3982=CARTESIAN_POINT('',(42.2855201378053,-3.98813678498757,2.21919684570475));
#3983=CARTESIAN_POINT('Origin',(42.2855201378053,-4.08813678498757,2.21919684570475));
#3984=CARTESIAN_POINT('',(24.5172549773206,-3.98813678498757,2.21919684570475));
#3985=CARTESIAN_POINT('',(24.5172549773206,-4.08813678498757,2.31919684570475));
#3986=CARTESIAN_POINT('Origin',(42.2855201378053,-4.08813678498757,2.61919684570475));
#3987=CARTESIAN_POINT('',(42.5855201378053,-4.08813678498757,2.61919684570475));
#3988=CARTESIAN_POINT('',(42.6855201378053,-3.98813678498757,2.61919684570475));
#3989=CARTESIAN_POINT('Origin',(42.6855201378053,-4.08813678498757,2.61919684570475));
#3990=CARTESIAN_POINT('Origin',(42.2855201378053,-3.98813678498757,2.61919684570475));
#3991=CARTESIAN_POINT('Origin',(42.2855201378053,-4.08813678498757,2.61919684570475));
#3992=CARTESIAN_POINT('Origin',(42.6855201378053,-4.08813678498757,3.7));
#3993=CARTESIAN_POINT('',(42.5855201378053,-4.08813678498757,8.3));
#3994=CARTESIAN_POINT('',(42.6855201378053,-3.98813678498757,8.3));
#3995=CARTESIAN_POINT('Origin',(42.6855201378053,-4.08813678498757,8.3));
#3996=CARTESIAN_POINT('',(42.6855201378053,-3.98813678498757,3.7));
#3997=CARTESIAN_POINT('',(42.5855201378053,-4.08813678498757,3.7));
#3998=CARTESIAN_POINT('Origin',(42.2855201378053,-4.77307420320598,2.61919684570475));
#3999=CARTESIAN_POINT('',(42.2855201378053,-4.67307420320598,2.31919684570475));
#4000=CARTESIAN_POINT('',(42.2855201378053,-4.77307420320598,2.31919684570475));
#4001=CARTESIAN_POINT('',(42.5855201378053,-4.67307420320598,2.61919684570475));
#4002=CARTESIAN_POINT('Origin',(42.2855201378053,-4.67307420320598,2.61919684570475));
#4003=CARTESIAN_POINT('',(42.5855201378053,-4.77307420320598,2.61919684570475));
#4004=CARTESIAN_POINT('Origin',(42.5855201378053,-4.77307420320598,2.31919684570475));
#4005=CARTESIAN_POINT('',(28.9814207934698,-4.67307420320598,2.31919684570475));
#4006=CARTESIAN_POINT('',(28.9814207934698,-4.77307420320598,2.31919684570475));
#4007=CARTESIAN_POINT('',(51.4327356928713,-4.67307420320598,2.31919684570475));
#4008=CARTESIAN_POINT('Origin',(28.9814207934698,-4.77307420320598,2.61919684570475));
#4009=CARTESIAN_POINT('',(28.6814207934698,-4.67307420320598,2.61919684570475));
#4010=CARTESIAN_POINT('',(28.6814207934698,-4.77307420320598,2.61919684570475));
#4011=CARTESIAN_POINT('Origin',(28.9814207934698,-4.67307420320598,2.61919684570475));
#4012=CARTESIAN_POINT('Origin',(28.6814207934698,-4.77307420320598,2.31919684570475));
#4013=CARTESIAN_POINT('',(28.6814207934698,-4.67307420320598,1.48783592285238));
#4014=CARTESIAN_POINT('Origin',(42.6855201378053,-4.67307420320598,4.4782375));
#4015=CARTESIAN_POINT('',(42.5855201378053,-4.67307420320598,8.3));
#4016=CARTESIAN_POINT('Origin',(42.6855201378053,-4.67307420320598,8.3));
#4017=CARTESIAN_POINT('',(42.5855201378053,-4.67307420320598,4.4782375));
#4018=CARTESIAN_POINT('Origin',(42.6855201378053,-4.67307420320598,2.61919684570475));
#4019=CARTESIAN_POINT('Origin',(42.2855201378053,-4.67307420320598,2.61919684570475));
#4020=CARTESIAN_POINT('Origin',(42.2855201378053,-4.67307420320598,2.21919684570475));
#4021=CARTESIAN_POINT('Origin',(51.4327356928713,-4.67307420320598,2.21919684570475));
#4022=CARTESIAN_POINT('Origin',(28.9814207934698,-4.67307420320598,2.21919684570475));
#4023=CARTESIAN_POINT('Origin',(28.9814207934698,-4.67307420320598,2.61919684570475));
#4024=CARTESIAN_POINT('Origin',(28.5814207934698,-4.67307420320598,2.61919684570475));
#4025=CARTESIAN_POINT('Origin',(28.5814207934698,-4.67307420320598,1.48783592285238));
#4026=CARTESIAN_POINT('Origin',(42.5855201378053,-4.77307420320598,8.3));
#4027=CARTESIAN_POINT('',(42.5855201378053,4.08028112225437,8.3));
#4028=CARTESIAN_POINT('Origin',(32.7367620187574,12.9336364477147,8.3));
#4029=CARTESIAN_POINT('',(44.3072618012953,-4.67307420320598,8.3));
#4030=CARTESIAN_POINT('Origin',(44.2072618012953,-4.67307420320598,8.3));
#4031=CARTESIAN_POINT('',(44.3072618012953,-4.08813678498757,8.3));
#4032=CARTESIAN_POINT('',(44.3072618012953,4.08028112225437,8.3));
#4033=CARTESIAN_POINT('',(44.2072618012953,-3.98813678498757,8.3));
#4034=CARTESIAN_POINT('Origin',(44.2072618012953,-4.08813678498757,8.3));
#4035=CARTESIAN_POINT('',(19.5928759177967,-3.98813678498757,8.3));
#4036=CARTESIAN_POINT('Origin',(44.2072618012953,-4.08813678498757,0.709598422852375));
#4037=CARTESIAN_POINT('',(44.3072618012953,-4.08813678498757,2.61919684570475));
#4038=CARTESIAN_POINT('',(44.3072618012953,-4.08813678498757,0.709598422852375));
#4039=CARTESIAN_POINT('',(44.2072618012953,-3.98813678498757,2.61919684570475));
#4040=CARTESIAN_POINT('Origin',(44.2072618012953,-4.08813678498757,2.61919684570475));
#4041=CARTESIAN_POINT('',(44.2072618012953,-3.98813678498757,0.709598422852375));
#4042=CARTESIAN_POINT('Origin',(44.6072618012953,-4.08813678498757,2.61919684570475));
#4043=CARTESIAN_POINT('',(44.6072618012953,-4.08813678498757,2.31919684570475));
#4044=CARTESIAN_POINT('',(44.6072618012953,-3.98813678498757,2.21919684570475));
#4045=CARTESIAN_POINT('Origin',(44.6072618012953,-4.08813678498757,2.21919684570475));
#4046=CARTESIAN_POINT('Origin',(44.6072618012953,-3.98813678498757,2.61919684570475));
#4047=CARTESIAN_POINT('Origin',(44.6072618012953,-4.08813678498757,2.61919684570475));
#4048=CARTESIAN_POINT('Origin',(32.22404578677,-4.08813678498757,2.21919684570475));
#4049=CARTESIAN_POINT('',(57.3760348175765,-4.08813678498757,2.31919684570475));
#4050=CARTESIAN_POINT('',(57.3760348175765,-3.98813678498757,2.21919684570475));
#4051=CARTESIAN_POINT('Origin',(57.3760348175765,-4.08813678498757,2.21919684570475));
#4052=CARTESIAN_POINT('',(32.22404578677,-3.98813678498757,2.21919684570475));
#4053=CARTESIAN_POINT('',(32.22404578677,-4.08813678498757,2.31919684570475));
#4054=CARTESIAN_POINT('Origin',(57.3760348175765,-1.98813678498757,2.21919684570475));
#4055=CARTESIAN_POINT('',(57.6991017567039,-4.06313744832309,2.31919684570475));
#4056=CARTESIAN_POINT('',(57.6837176167455,-3.96432789292616,2.21919684570475));
#4057=CARTESIAN_POINT('Origin',(57.6991017567039,-4.06313744832309,2.21919684570475));
#4058=CARTESIAN_POINT('Origin',(57.3760348175765,-1.98813678498757,2.21919684570475));
#4059=CARTESIAN_POINT('Origin',(57.3760348175765,-1.98813678498757,2.31919684570475));
#4060=CARTESIAN_POINT('Ctrl Pts',(57.6991017567039,-4.06313744832309,2.31919684570475));
#4061=CARTESIAN_POINT('Ctrl Pts',(57.7778925406176,-4.04678102149379,2.31919684570475));
#4062=CARTESIAN_POINT('Ctrl Pts',(57.9319679825249,-3.9951843671514,2.3831358786988));
#4063=CARTESIAN_POINT('Ctrl Pts',(57.9991017567039,-3.95972857882849,2.53945680072919));
#4064=CARTESIAN_POINT('Ctrl Pts',(57.9991017567039,-3.95972857882849,2.61919684570475));
#4065=CARTESIAN_POINT('Ctrl Pts',(57.694498832792,-4.03357369848123,2.31919684570475));
#4066=CARTESIAN_POINT('Ctrl Pts',(57.7718233892368,-4.01822824643743,2.31795100092145));
#4067=CARTESIAN_POINT('Ctrl Pts',(57.9271574449533,-3.9701930909773,2.3771693381707));
#4068=CARTESIAN_POINT('Ctrl Pts',(57.9991017567039,-3.93650411228711,2.53722100565256));
#4069=CARTESIAN_POINT('Ctrl Pts',(57.9991017567039,-3.93650411228711,2.61919684570475));
#4070=CARTESIAN_POINT('Ctrl Pts',(57.6865314282447,-3.98240049652653,2.29407531592372));
#4071=CARTESIAN_POINT('Ctrl Pts',(57.7681702575228,-3.96869380595255,2.29215426038464));
#4072=CARTESIAN_POINT('Ctrl Pts',(57.9347353871738,-3.92660150502566,2.35422206277698));
#4073=CARTESIAN_POINT('Ctrl Pts',(58.0138637190295,-3.89602240629255,2.52931554274321));
#4074=CARTESIAN_POINT('Ctrl Pts',(58.0138637190295,-3.89602240629255,2.61919684570475));
#4075=CARTESIAN_POINT('Ctrl Pts',(57.6837176167455,-3.96432789292616,2.24163679323039));
#4076=CARTESIAN_POINT('Ctrl Pts',(57.7780246596448,-3.94965531503281,2.2410645903298));
#4077=CARTESIAN_POINT('Ctrl Pts',(57.9647599915892,-3.90391791492283,2.31937600327731));
#4078=CARTESIAN_POINT('Ctrl Pts',(58.0483167235374,-3.87184069957473,2.51780388819579));
#4079=CARTESIAN_POINT('Ctrl Pts',(58.0483167235374,-3.87184069957473,2.61919684570475));
#4080=CARTESIAN_POINT('Ctrl Pts',(57.6837176167455,-3.96432789292616,2.21919684570475));
#4081=CARTESIAN_POINT('Ctrl Pts',(57.7837694058422,-3.94875034356492,2.21919684570475));
#4082=CARTESIAN_POINT('Ctrl Pts',(57.9794207606451,-3.89961067276264,2.30444888969681));
#4083=CARTESIAN_POINT('Ctrl Pts',(58.0646699976979,-3.86584325531225,2.51287678573734));
#4084=CARTESIAN_POINT('Ctrl Pts',(58.0646699976979,-3.86584325531225,2.61919684570475));
#4085=CARTESIAN_POINT('',(57.9991017567039,-3.95972857882849,2.61919684570475));
#4086=CARTESIAN_POINT('',(58.0646699976979,-3.86584325531225,2.61919684570475));
#4087=CARTESIAN_POINT('Origin',(58.0991017567039,-3.95972857882849,2.61919684570475));
#4088=CARTESIAN_POINT('Ctrl Pts',(58.0646699976979,-3.86584325531225,2.61919684570475));
#4089=CARTESIAN_POINT('Ctrl Pts',(58.0646699976979,-3.86584325531225,2.51287678573734));
#4090=CARTESIAN_POINT('Ctrl Pts',(57.9794207606451,-3.89961067276264,2.30444888969681));
#4091=CARTESIAN_POINT('Ctrl Pts',(57.7837694058422,-3.94875034356492,2.21919684570475));
#4092=CARTESIAN_POINT('Ctrl Pts',(57.6837176167455,-3.96432789292616,2.21919684570475));
#4093=CARTESIAN_POINT('Ctrl Pts',(57.6991017567039,-4.06313744832309,2.31919684570475));
#4094=CARTESIAN_POINT('Ctrl Pts',(57.7778925406176,-4.04678102149379,2.31919684570475));
#4095=CARTESIAN_POINT('Ctrl Pts',(57.9319679825249,-3.9951843671514,2.3831358786988));
#4096=CARTESIAN_POINT('Ctrl Pts',(57.9991017567039,-3.95972857882849,2.53945680072919));
#4097=CARTESIAN_POINT('Ctrl Pts',(57.9991017567039,-3.95972857882849,2.61919684570475));
#4098=CARTESIAN_POINT('Origin',(58.0991017567039,-3.95972857882849,-0.9));
#4099=CARTESIAN_POINT('',(58.0646699976979,-3.86584325531225,-0.9));
#4100=CARTESIAN_POINT('',(57.9991017567039,-3.95972857882849,-0.9));
#4101=CARTESIAN_POINT('Origin',(57.6991017567039,-4.77307420320598,2.61919684570475));
#4102=CARTESIAN_POINT('',(57.699101756704,-4.67307312879412,2.31919684570475));
#4103=CARTESIAN_POINT('',(57.6991017567039,-4.77307420320598,2.31919684570475));
#4104=CARTESIAN_POINT('',(57.9991017567039,-4.64500677841894,2.61919684570475));
#4105=CARTESIAN_POINT('Ctrl Pts',(57.9991017567039,-4.64500677841894,2.61919684570475));
#4106=CARTESIAN_POINT('Ctrl Pts',(57.9991017567039,-4.64500677841894,2.54056339980699));
#4107=CARTESIAN_POINT('Ctrl Pts',(57.9339089705008,-4.65901178082124,2.38438347582846));
#4108=CARTESIAN_POINT('Ctrl Pts',(57.777735173469,-4.67298287875501,2.31919684570475));
#4109=CARTESIAN_POINT('Ctrl Pts',(57.699101756704,-4.67307312879412,2.31919684570475));
#4110=CARTESIAN_POINT('',(57.9991017567039,-4.77307420320598,2.61919684570475));
#4111=CARTESIAN_POINT('Origin',(57.9991017567039,-4.77307420320598,2.31919684570475));
#4112=CARTESIAN_POINT('',(44.6072618012953,-4.67307420320598,2.31919684570475));
#4113=CARTESIAN_POINT('',(44.6072618012953,-4.77307420320598,2.31919684570475));
#4114=CARTESIAN_POINT('',(57.6966054419002,-4.67307420320598,2.31919684570475));
#4115=CARTESIAN_POINT('',(59.1395265023207,-4.67307420320598,2.31919684570475));
#4116=CARTESIAN_POINT('Origin',(57.6966054419002,-1.77307420320598,2.31919684570475));
#4117=CARTESIAN_POINT('Origin',(44.6072618012953,-4.77307420320598,2.61919684570475));
#4118=CARTESIAN_POINT('',(44.3072618012953,-4.67307420320598,2.61919684570475));
#4119=CARTESIAN_POINT('',(44.3072618012953,-4.77307420320598,2.61919684570475));
#4120=CARTESIAN_POINT('Origin',(44.6072618012953,-4.67307420320598,2.61919684570475));
#4121=CARTESIAN_POINT('Origin',(44.3072618012953,-4.77307420320598,2.31919684570475));
#4122=CARTESIAN_POINT('',(44.3072618012953,-4.67307420320598,1.48783592285238));
#4123=CARTESIAN_POINT('Origin',(58.0991017567039,-4.64500677841894,-0.9));
#4124=CARTESIAN_POINT('',(57.9991017567039,-4.64500677841894,-0.9));
#4125=CARTESIAN_POINT('',(58.112980939973,-4.74403893618491,2.61919684570475));
#4126=CARTESIAN_POINT('Origin',(58.0991017567039,-4.64500677841894,2.61919684570475));
#4127=CARTESIAN_POINT('',(58.112980939973,-4.74403893618491,-0.9));
#4128=CARTESIAN_POINT('Ctrl Pts',(57.9991017567039,-4.64500677841894,2.61919684570475));
#4129=CARTESIAN_POINT('Ctrl Pts',(57.9991017567039,-4.64500677841894,2.54056339980699));
#4130=CARTESIAN_POINT('Ctrl Pts',(57.9339089705008,-4.65901178082124,2.38438347582846));
#4131=CARTESIAN_POINT('Ctrl Pts',(57.777735173469,-4.67298287875501,2.31919684570475));
#4132=CARTESIAN_POINT('Ctrl Pts',(57.699101756704,-4.67307312879412,2.31919684570475));
#4133=CARTESIAN_POINT('Ctrl Pts',(57.9991017567039,-4.6612928513918,2.61919684570475));
#4134=CARTESIAN_POINT('Ctrl Pts',(57.9991017567039,-4.6612928513918,2.54116762670885));
#4135=CARTESIAN_POINT('Ctrl Pts',(57.9351712994515,-4.67455662913074,2.38562668974369));
#4136=CARTESIAN_POINT('Ctrl Pts',(57.7782848843427,-4.68794452505322,2.31920023032195));
#4137=CARTESIAN_POINT('Ctrl Pts',(57.699114634215,-4.68803308826875,2.31919684570475));
#4138=CARTESIAN_POINT('Ctrl Pts',(58.0072344383528,-4.6937842586067,2.61919684570475));
#4139=CARTESIAN_POINT('Ctrl Pts',(58.0072344383528,-4.6937842586067,2.54022909519099));
#4140=CARTESIAN_POINT('Ctrl Pts',(57.9432996793444,-4.7055795741189,2.38201532672929));
#4141=CARTESIAN_POINT('Ctrl Pts',(57.7811857866004,-4.71781234359036,2.31236077701357));
#4142=CARTESIAN_POINT('Ctrl Pts',(57.6991403415067,-4.71789755806384,2.31235264913087));
#4143=CARTESIAN_POINT('Ctrl Pts',(58.0465027671182,-4.73754578699444,2.61919684570475));
#4144=CARTESIAN_POINT('Ctrl Pts',(58.0465027671182,-4.73754578699444,2.53154062975729));
#4145=CARTESIAN_POINT('Ctrl Pts',(57.9740795578592,-4.7483993289272,2.35597538787473));
#4146=CARTESIAN_POINT('Ctrl Pts',(57.7915120858494,-4.75987212373084,2.27890675276076));
#4147=CARTESIAN_POINT('Ctrl Pts',(57.6991765449412,-4.75995552330433,2.27889825260195));
#4148=CARTESIAN_POINT('Ctrl Pts',(58.0887882657525,-4.74742949705777,2.61919684570475));
#4149=CARTESIAN_POINT('Ctrl Pts',(58.0887882657525,-4.74742949705777,2.52082949737719));
#4150=CARTESIAN_POINT('Ctrl Pts',(58.0052084744111,-4.76007582460981,2.32488033837527));
#4151=CARTESIAN_POINT('Ctrl Pts',(57.8017625655059,-4.77298485909296,2.24164003700825));
#4152=CARTESIAN_POINT('Ctrl Pts',(57.6991878365248,-4.77307309174544,2.24163679323039));
#4153=CARTESIAN_POINT('Ctrl Pts',(58.112980939973,-4.74403893618491,2.61919684570475));
#4154=CARTESIAN_POINT('Ctrl Pts',(58.112980939973,-4.74403893618491,2.5143522511744));
#4155=CARTESIAN_POINT('Ctrl Pts',(58.023059855555,-4.75852686970453,2.30611235253636));
#4156=CARTESIAN_POINT('Ctrl Pts',(57.807647721718,-4.77297972963601,2.21919684570475));
#4157=CARTESIAN_POINT('Ctrl Pts',(57.6991878365248,-4.77307309174544,2.21919684570475));
#4158=CARTESIAN_POINT('',(57.6991878365248,-4.77307309174544,2.21919684570475));
#4159=CARTESIAN_POINT('Origin',(57.699101756704,-4.67307312879412,2.21919684570475));
#4160=CARTESIAN_POINT('Ctrl Pts',(57.6991878365248,-4.77307309174544,2.21919684570475));
#4161=CARTESIAN_POINT('Ctrl Pts',(57.807647721718,-4.77297972963601,2.21919684570475));
#4162=CARTESIAN_POINT('Ctrl Pts',(58.023059855555,-4.75852686970453,2.30611235253636));
#4163=CARTESIAN_POINT('Ctrl Pts',(58.112980939973,-4.74403893618491,2.5143522511744));
#4164=CARTESIAN_POINT('Ctrl Pts',(58.112980939973,-4.74403893618491,2.61919684570475));
#4165=CARTESIAN_POINT('Origin',(57.6966054419002,-1.77307420320598,2.21919684570475));
#4166=CARTESIAN_POINT('Origin',(57.6966054419002,-4.67307420320598,2.21919684570475));
#4167=CARTESIAN_POINT('Origin',(57.6966054419002,-1.77307420320598,2.21919684570475));
#4168=CARTESIAN_POINT('Origin',(59.1395265023207,-4.67307420320598,2.21919684570475));
#4169=CARTESIAN_POINT('Origin',(44.6072618012953,-4.67307420320598,2.21919684570475));
#4170=CARTESIAN_POINT('Origin',(44.6072618012953,-4.67307420320598,2.61919684570475));
#4171=CARTESIAN_POINT('Origin',(44.2072618012953,-4.67307420320598,2.61919684570475));
#4172=CARTESIAN_POINT('Origin',(44.2072618012953,-4.67307420320598,1.48783592285238));
#4173=CARTESIAN_POINT('Origin',(57.9991017567039,-4.77307420320598,8.3));
#4174=CARTESIAN_POINT('Origin',(75.3633903896822,-20.0631205892027,-0.9));
#4175=CARTESIAN_POINT('',(58.786807803624,-3.40578257355347,-0.9));
#4176=CARTESIAN_POINT('',(59.6748135184858,-2.56687654257257,-0.9));
#4177=CARTESIAN_POINT('Origin',(86.8287260573073,50.4290913890042,-0.9));
#4178=CARTESIAN_POINT('',(58.8918836054638,29.345144087304,-0.9));
#4179=CARTESIAN_POINT('',(62.8472870826826,24.9361397218012,-0.9));
#4180=CARTESIAN_POINT('Origin',(57.2954926082156,28.1403470986354,-0.9));
#4181=CARTESIAN_POINT('',(57.2954926082156,30.1403470986354,-0.9));
#4182=CARTESIAN_POINT('Origin',(64.4933098844957,6.42054676294259,-0.9));
#4183=CARTESIAN_POINT('',(66.6500065520931,4.33520279036297,-0.9));
#4184=CARTESIAN_POINT('',(67.4933098844957,6.42054676294259,-0.9));
#4185=CARTESIAN_POINT('Origin',(69.5256021088897,1.55474416025682,-0.9));
#4186=CARTESIAN_POINT('',(66.5000009909272,4.17118026209153,-0.9));
#4187=CARTESIAN_POINT('Origin',(64.4933098844957,19.2600165836022,-0.9));
#4188=CARTESIAN_POINT('',(67.4933098844957,19.2600165836022,-0.9));
#4189=CARTESIAN_POINT('',(66.6105118753735,21.3854472999096,-0.9));
#4190=CARTESIAN_POINT('Origin',(69.4334478632105,24.2193549216529,-0.9));
#4191=CARTESIAN_POINT('',(66.5000009909272,21.500000320375,-0.9));
#4192=CARTESIAN_POINT('Origin',(62.7916285350431,18.3122328159696,-0.9));
#4193=CARTESIAN_POINT('',(68.7916285350431,18.3122328159696,-0.9));
#4194=CARTESIAN_POINT('',(67.7609215616317,21.6746912641735,-0.9));
#4195=CARTESIAN_POINT('Origin',(62.7916285350431,7.0558995788995,0.656475));
#4196=CARTESIAN_POINT('',(68.7916285350431,7.0558995788995,0.656475));
#4197=CARTESIAN_POINT('',(67.7609215616317,3.69344113069565,0.656475));
#4198=CARTESIAN_POINT('Origin',(68.8717574609725,-15.563595489605,-0.9));
#4199=CARTESIAN_POINT('',(59.5853635296307,-4.10386653330158,-0.9));
#4200=CARTESIAN_POINT('',(60.6787657808529,-3.29830351266405,-0.9));
#4201=CARTESIAN_POINT('Origin',(57.6966054419002,-1.77307420320598,-0.9));
#4202=CARTESIAN_POINT('Origin',(57.4779244457958,27.6403470986354,-0.9));
#4203=CARTESIAN_POINT('',(57.4779244457958,30.6403470986354,-0.9));
#4204=CARTESIAN_POINT('',(60.2799462522532,28.712109103997,-0.9));
#4205=CARTESIAN_POINT('Origin',(5.448989816836,30.6403470986354,0.656475));
#4206=CARTESIAN_POINT('',(9.15998648576833,30.6403470986354,-0.9));
#4207=CARTESIAN_POINT('',(43.5478777028388,30.6403470986354,3.51297265164951));
#4208=CARTESIAN_POINT('',(45.5478777028388,30.6403470986354,5.51297265164951));
#4209=CARTESIAN_POINT('Origin',(45.5478777028388,30.6403470986354,3.51297265164951));
#4210=CARTESIAN_POINT('',(43.5478777028388,30.6403470986354,3.08133157555377));
#4211=CARTESIAN_POINT('',(43.5478777028388,30.6403470986354,2.83472382582476));
#4212=CARTESIAN_POINT('',(45.5478777028388,30.6403470986354,1.08133157555377));
#4213=CARTESIAN_POINT('Origin',(45.5478777028388,30.6403470986354,3.08133157555377));
#4214=CARTESIAN_POINT('',(51.9127299852683,30.6403470986354,1.08133157555377));
#4215=CARTESIAN_POINT('',(24.7484337598374,30.6403470986354,1.08133157555377));
#4216=CARTESIAN_POINT('',(53.9127299852683,30.6403470986354,3.08133157555377));
#4217=CARTESIAN_POINT('Origin',(51.9127299852683,30.6403470986354,3.08133157555377));
#4218=CARTESIAN_POINT('',(53.9127299852683,30.6403470986354,3.51297265164951));
#4219=CARTESIAN_POINT('',(53.9127299852683,30.6403470986354,1.11890328777689));
#4220=CARTESIAN_POINT('',(51.9127299852683,30.6403470986354,5.51297265164951));
#4221=CARTESIAN_POINT('Origin',(51.9127299852683,30.6403470986354,3.51297265164951));
#4222=CARTESIAN_POINT('',(29.4308599010521,30.6403470986354,5.51297265164951));
#4223=CARTESIAN_POINT('',(29.9816704580865,30.6403470986354,3.51297265164951));
#4224=CARTESIAN_POINT('',(31.9816704580865,30.6403470986354,5.51297265164951));
#4225=CARTESIAN_POINT('Origin',(31.9816704580865,30.6403470986354,3.51297265164951));
#4226=CARTESIAN_POINT('',(29.9816704580865,30.6403470986354,3.08133157555377));
#4227=CARTESIAN_POINT('',(29.9816704580865,30.6403470986354,2.83472382582476));
#4228=CARTESIAN_POINT('',(31.9816704580865,30.6403470986354,1.08133157555377));
#4229=CARTESIAN_POINT('Origin',(31.9816704580865,30.6403470986354,3.08133157555377));
#4230=CARTESIAN_POINT('',(38.7313796836295,30.6403470986354,1.08133157555378));
#4231=CARTESIAN_POINT('',(17.9653301374612,30.6403470986354,1.08133157555377));
#4232=CARTESIAN_POINT('',(40.7313796836295,30.6403470986354,3.08133157555377));
#4233=CARTESIAN_POINT('Origin',(38.7313796836295,30.6403470986354,3.08133157555377));
#4234=CARTESIAN_POINT('',(40.7313796836295,30.6403470986354,3.51297265164951));
#4235=CARTESIAN_POINT('',(40.7313796836295,30.6403470986354,1.11890328777689));
#4236=CARTESIAN_POINT('',(38.7313796836295,30.6403470986354,5.51297265164951));
#4237=CARTESIAN_POINT('Origin',(38.7313796836295,30.6403470986354,3.51297265164951));
#4238=CARTESIAN_POINT('',(22.8401847502328,30.6403470986354,5.51297265164951));
#4239=CARTESIAN_POINT('Origin',(57.3760348175765,-1.98813678498757,-0.9));
#4240=CARTESIAN_POINT('',(57.3760348175765,-3.98813678498757,-0.9));
#4241=CARTESIAN_POINT('Origin',(6.448989816836,-3.98813678498757,-0.9));
#4242=CARTESIAN_POINT('Origin',(45.5478777028388,30.1403470986354,3.51297265164951));
#4243=CARTESIAN_POINT('',(44.0478777028388,30.1403470986354,3.51297265164951));
#4244=CARTESIAN_POINT('Origin',(43.5478777028388,30.1403470986354,3.51297265164951));
#4245=CARTESIAN_POINT('',(45.5478777028388,30.1403470986354,5.01297265164951));
#4246=CARTESIAN_POINT('Origin',(45.5478777028388,30.1403470986354,5.51297265164951));
#4247=CARTESIAN_POINT('Origin',(45.5478777028388,30.1403470986354,3.51297265164951));
#4248=CARTESIAN_POINT('Origin',(29.4308599010521,30.1403470986354,5.51297265164951));
#4249=CARTESIAN_POINT('',(51.9127299852683,30.1403470986354,5.01297265164951));
#4250=CARTESIAN_POINT('Origin',(51.9127299852683,30.1403470986354,5.51297265164951));
#4251=CARTESIAN_POINT('',(56.3515973536697,30.1403470986354,5.01297265164951));
#4252=CARTESIAN_POINT('Origin',(51.9127299852683,30.1403470986354,3.51297265164951));
#4253=CARTESIAN_POINT('',(53.4127299852683,30.1403470986354,3.51297265164951));
#4254=CARTESIAN_POINT('Origin',(53.9127299852683,30.1403470986354,3.51297265164951));
#4255=CARTESIAN_POINT('Origin',(51.9127299852683,30.1403470986354,3.51297265164951));
#4256=CARTESIAN_POINT('Origin',(53.9127299852683,30.1403470986354,1.11890328777689));
#4257=CARTESIAN_POINT('',(53.4127299852683,30.1403470986354,3.08133157555377));
#4258=CARTESIAN_POINT('Origin',(53.9127299852683,30.1403470986354,3.08133157555377));
#4259=CARTESIAN_POINT('',(53.4127299852683,30.1403470986354,0.340665787776887));
#4260=CARTESIAN_POINT('Origin',(51.9127299852683,30.1403470986354,3.08133157555377));
#4261=CARTESIAN_POINT('',(51.9127299852683,30.1403470986354,1.58133157555377));
#4262=CARTESIAN_POINT('Origin',(51.9127299852683,30.1403470986354,1.08133157555377));
#4263=CARTESIAN_POINT('Origin',(51.9127299852683,30.1403470986354,3.08133157555377));
#4264=CARTESIAN_POINT('Origin',(24.7484337598374,30.1403470986354,1.08133157555377));
#4265=CARTESIAN_POINT('',(45.5478777028388,30.1403470986354,1.58133157555377));
#4266=CARTESIAN_POINT('Origin',(45.5478777028388,30.1403470986354,1.08133157555377));
#4267=CARTESIAN_POINT('',(51.669171212455,30.1403470986354,1.58133157555377));
#4268=CARTESIAN_POINT('Origin',(45.5478777028388,30.1403470986354,3.08133157555377));
#4269=CARTESIAN_POINT('',(44.0478777028388,30.1403470986354,3.08133157555377));
#4270=CARTESIAN_POINT('Origin',(43.5478777028388,30.1403470986354,3.08133157555377));
#4271=CARTESIAN_POINT('Origin',(45.5478777028388,30.1403470986354,3.08133157555377));
#4272=CARTESIAN_POINT('Origin',(43.5478777028388,30.1403470986354,2.83472382582476));
#4273=CARTESIAN_POINT('',(44.0478777028388,30.1403470986354,2.05648632582476));
#4274=CARTESIAN_POINT('Origin',(31.9816704580865,30.1403470986354,3.51297265164951));
#4275=CARTESIAN_POINT('',(30.4816704580865,30.1403470986354,3.51297265164951));
#4276=CARTESIAN_POINT('Origin',(29.9816704580865,30.1403470986354,3.51297265164951));
#4277=CARTESIAN_POINT('',(31.9816704580865,30.1403470986354,5.01297265164951));
#4278=CARTESIAN_POINT('Origin',(31.9816704580865,30.1403470986354,5.51297265164951));
#4279=CARTESIAN_POINT('Origin',(31.9816704580865,30.1403470986354,3.51297265164951));
#4280=CARTESIAN_POINT('Origin',(22.8401847502328,30.1403470986354,5.51297265164951));
#4281=CARTESIAN_POINT('',(38.7313796836295,30.1403470986354,5.01297265164951));
#4282=CARTESIAN_POINT('Origin',(38.7313796836295,30.1403470986354,5.51297265164951));
#4283=CARTESIAN_POINT('',(49.7609222028503,30.1403470986354,5.01297265164951));
#4284=CARTESIAN_POINT('Origin',(38.7313796836295,30.1403470986354,3.51297265164951));
#4285=CARTESIAN_POINT('',(40.2313796836295,30.1403470986354,3.51297265164951));
#4286=CARTESIAN_POINT('Origin',(40.7313796836295,30.1403470986354,3.51297265164951));
#4287=CARTESIAN_POINT('Origin',(38.7313796836295,30.1403470986354,3.51297265164951));
#4288=CARTESIAN_POINT('Origin',(40.7313796836295,30.1403470986354,1.11890328777689));
#4289=CARTESIAN_POINT('',(40.2313796836295,30.1403470986354,3.08133157555377));
#4290=CARTESIAN_POINT('Origin',(40.7313796836295,30.1403470986354,3.08133157555377));
#4291=CARTESIAN_POINT('',(40.2313796836295,30.1403470986354,0.340665787776887));
#4292=CARTESIAN_POINT('Origin',(38.7313796836295,30.1403470986354,3.08133157555377));
#4293=CARTESIAN_POINT('',(38.7313796836295,30.1403470986354,1.58133157555377));
#4294=CARTESIAN_POINT('Origin',(38.7313796836295,30.1403470986354,1.08133157555378));
#4295=CARTESIAN_POINT('Origin',(38.7313796836295,30.1403470986354,3.08133157555377));
#4296=CARTESIAN_POINT('Origin',(17.9653301374612,30.1403470986354,1.08133157555377));
#4297=CARTESIAN_POINT('',(31.9816704580865,30.1403470986354,1.58133157555377));
#4298=CARTESIAN_POINT('Origin',(31.9816704580865,30.1403470986354,1.08133157555377));
#4299=CARTESIAN_POINT('',(44.8860675900788,30.1403470986354,1.58133157555377));
#4300=CARTESIAN_POINT('Origin',(31.9816704580865,30.1403470986354,3.08133157555377));
#4301=CARTESIAN_POINT('',(30.4816704580865,30.1403470986354,3.08133157555377));
#4302=CARTESIAN_POINT('Origin',(29.9816704580865,30.1403470986354,3.08133157555377));
#4303=CARTESIAN_POINT('Origin',(31.9816704580865,30.1403470986354,3.08133157555377));
#4304=CARTESIAN_POINT('Origin',(29.9816704580865,30.1403470986354,2.83472382582476));
#4305=CARTESIAN_POINT('',(30.4816704580865,30.1403470986354,2.05648632582476));
#4306=CARTESIAN_POINT('Origin',(-25.6430423546764,117.460944751436,-0.9));
#4307=CARTESIAN_POINT('',(8.29934034866144,29.8030035457466,-0.9));
#4308=CARTESIAN_POINT('',(4.870715993503,28.5513810376802,-0.9));
#4309=CARTESIAN_POINT('Origin',(10.1047862371369,25.1403470986354,-0.9));
#4310=CARTESIAN_POINT('',(10.1047862371369,30.1403470986354,-0.9));
#4311=CARTESIAN_POINT('Origin',(9.15998648576833,21.1403470986354,-0.9));
#4312=CARTESIAN_POINT('',(3.81129398405452,28.9915564654852,-0.9));
#4313=CARTESIAN_POINT('Origin',(-3.31810449752825,19.7828480373433,2.59846751383301));
#4314=CARTESIAN_POINT('',(-3.31810449752825,20.0828480373433,2.59846751383301));
#4315=CARTESIAN_POINT('',(-3.31810449752825,19.7828480373433,2.29846751383301));
#4316=CARTESIAN_POINT('Origin',(-3.31810449752825,6.5777686018423,2.29846751383301));
#4317=CARTESIAN_POINT('',(-3.31810449752825,6.8777686018423,2.29846751383301));
#4318=CARTESIAN_POINT('Origin',(-3.31810449752825,6.8777686018423,2.59846751383301));
#4319=CARTESIAN_POINT('',(-3.31810449752825,6.5777686018423,2.59846751383301));
#4320=CARTESIAN_POINT('Origin',(-3.31810449752825,6.5777686018423,8.3));
#4321=CARTESIAN_POINT('Origin',(-3.31810449752825,20.0828480373433,2.29846751383301));
#4322=CARTESIAN_POINT('Origin',(59.2904647220711,30.1403470986354,-0.9));
#4323=CARTESIAN_POINT('Origin',(66.5000009909272,21.500000320375,-0.9));
#4324=CARTESIAN_POINT('Origin',(67.4933098844957,5.00000007450581,-0.9));
#4325=CARTESIAN_POINT('Origin',(59.6748135184858,-2.56687654257257,-0.9));
#4326=CARTESIAN_POINT('Origin',(-0.680994397878558,5.00000007450581,-0.9));
#4327=CARTESIAN_POINT('Origin',(4.870715993503,28.5513810376802,-0.9));
#4328=CARTESIAN_POINT('Origin',(-2.53443870451178,20.866750538629,0.656475));
#4329=CARTESIAN_POINT('Origin',(60.2799462522532,28.712109103997,0.656475));
#4330=CARTESIAN_POINT('Origin',(68.7916285350431,20.866750538629,0.656475));
#4331=CARTESIAN_POINT('Origin',(4.33123820573854,-3.71006612265773,0.656475));
#4332=CARTESIAN_POINT('Origin',(67.7609215616317,3.69344113069565,0.656475));
#4333=UNCERTAINTY_MEASURE_WITH_UNIT(LENGTH_MEASURE(0.01),#4337,
'DISTANCE_ACCURACY_VALUE',
'Maximum model space distance between geometric entities at asserted c
onnectivities');
#4334=UNCERTAINTY_MEASURE_WITH_UNIT(LENGTH_MEASURE(0.01),#4337,
'DISTANCE_ACCURACY_VALUE',
'Maximum model space distance between geometric entities at asserted c
onnectivities');
#4335=(
GEOMETRIC_REPRESENTATION_CONTEXT(3)
GLOBAL_UNCERTAINTY_ASSIGNED_CONTEXT((#4333))
GLOBAL_UNIT_ASSIGNED_CONTEXT((#4337,#4338,#4339))
REPRESENTATION_CONTEXT('','3D')
);
#4336=(
GEOMETRIC_REPRESENTATION_CONTEXT(3)
GLOBAL_UNCERTAINTY_ASSIGNED_CONTEXT((#4334))
GLOBAL_UNIT_ASSIGNED_CONTEXT((#4337,#4338,#4339))
REPRESENTATION_CONTEXT('','3D')
);
#4337=(
LENGTH_UNIT()
NAMED_UNIT(*)
SI_UNIT(.MILLI.,.METRE.)
);
#4338=(
NAMED_UNIT(*)
PLANE_ANGLE_UNIT()
SI_UNIT($,.RADIAN.)
);
#4339=(
NAMED_UNIT(*)
SI_UNIT($,.STERADIAN.)
SOLID_ANGLE_UNIT()
);
#4340=SHAPE_DEFINITION_REPRESENTATION(#4341,#4342);
#4341=PRODUCT_DEFINITION_SHAPE('',$,#4344);
#4342=SHAPE_REPRESENTATION('',(#2405),#4335);
#4343=PRODUCT_DEFINITION_CONTEXT('part definition',#4348,'design');
#4344=PRODUCT_DEFINITION('USB Hub PCB Final Assembly',
'USB Hub PCB Final Assembly',#4345,#4343);
#4345=PRODUCT_DEFINITION_FORMATION('',$,#4350);
#4346=PRODUCT_RELATED_PRODUCT_CATEGORY('USB Hub PCB Final Assembly',
'USB Hub PCB Final Assembly',(#4350));
#4347=APPLICATION_PROTOCOL_DEFINITION('international standard',
'automotive_design',2009,#4348);
#4348=APPLICATION_CONTEXT(
'Core Data for Automotive Mechanical Design Process');
#4349=PRODUCT_CONTEXT('part definition',#4348,'mechanical');
#4350=PRODUCT('USB Hub PCB Final Assembly','USB Hub PCB Final Assembly',
$,(#4349));
#4351=PRESENTATION_STYLE_ASSIGNMENT((#4352));
#4352=SURFACE_STYLE_USAGE(.BOTH.,#4353);
#4353=SURFACE_SIDE_STYLE('',(#4354));
#4354=SURFACE_STYLE_FILL_AREA(#4355);
#4355=FILL_AREA_STYLE('Steel - Satin',(#4356));
#4356=FILL_AREA_STYLE_COLOUR('Steel - Satin',#4357);
#4357=COLOUR_RGB('Steel - Satin',0.627450980392157,0.627450980392157,0.627450980392157);
ENDSEC;
END-ISO-10303-21;
